Id,Label,timeset,Degree,Weighted Degree,Eccentricity,closnesscentrality,harmonicclosnesscentrality,betweenesscentrality,Authority,Hub,modularity_class,componentnumber,clustering,triangles,eigencentrality,pageranks
Perez,Perez,,20,25,9,0.239491,0.283174,34082.925841,0.187324,0.187324,54,0,0,0,0.611936,0.006759
Varela,Varela,,5,7,9,0.219048,0.246813,11659.525866,0.066558,0.066558,57,0,0.1,1,0.242867,0.00158
Pizarro,Pizarro,,4,4,10,0.2,0.224872,3670.954545,0.042049,0.042049,44,0,0,0,0.132213,0.001409
Soto,Soto,,12,12,9,0.230427,0.269239,17202.372833,0.19783,0.19783,50,0,0,0,0.478688,0.003671
Mackay,Mackay,,2,3,11,0.166801,0.181159,620,0.007581,0.007581,44,0,0,0,0.028886,0.000853
Rodriguez,Rodriguez,,13,17,8,0.241259,0.279396,24280.104793,0.199606,0.199606,55,0,0,0,0.509267,0.004214
Del-Rio,Del-Rio,,2,2,9,0.210437,0.232887,2826.729401,0.045989,0.045989,55,0,0,0,0.141012,0.000697
Sandoval,Sandoval,,4,4,10,0.173658,0.193667,2581.19347,0.00648,0.00648,22,0,0,0,0.063106,0.00146
Plaza,Plaza,,2,2,11,0.148069,0.160292,620,0.001168,0.001168,22,0,0,0,0.019085,0.00087
Velasquez,Velasquez,,4,4,10,0.182916,0.201353,2215.045238,0.015466,0.015466,66,0,0,0,0.065031,0.001499
Seguel,Seguel,,3,3,11,0.176722,0.197128,2002.874026,0.011198,0.011198,66,0,0,0,0.070834,0.001066
Browne,Browne,,1,1,1,1,1,0,0,0,0,1,0,0,0.002887,0.000885
Urrejola,Urrejola,,1,1,1,1,1,0,0,0,0,1,0,0,0.002887,0.000885
Cornejo,Cornejo,,4,4,9,0.208389,0.234818,3637.407565,0.092687,0.092687,51,0,0,0,0.20176,0.001437
Gonzalez,Gonzalez,,23,37,8,0.257569,0.308167,41068.92221,0.469722,0.469722,50,0,0.003953,1,1,0.007052
Hasbun,Hasbun,,2,2,1,1,1,1,0,0,1,1,0,0,0.006458,0.001292
Selume,Selume,,1,1,2,0.666667,0.75,0,0,0,1,2,0,0,0.004276,0.000682
Molina,Molina,,9,14,10,0.200517,0.233355,10538.693687,0.046182,0.046182,42,0,0.027778,1,0.248535,0.003086
Oliva,Oliva,,2,2,11,0.16725,0.184888,1238,0.008335,0.008335,42,0,0,0,0.053345,0.000819
Saffirio,Saffirio,,3,3,10,0.181685,0.201392,2024.008009,0.021898,0.021898,22,0,0,0,0.071039,0.001043
Espinoza,Espinoza,,5,5,11,0.17009,0.189604,2392.10008,0.006968,0.006968,22,0,0,0,0.054882,0.001733
Vilches,Vilches,,1,1,10,0.172165,0.187376,0,0.004554,0.004554,20,0,0,0,0.040295,0.000423
Guzman,Guzman,,9,13,9,0.207901,0.238592,8716.96627,0.026052,0.026052,20,0,0,0,0.199046,0.003072
Teillier,Teillier,,1,1,1,1,1,0,0,0,2,3,0,0,0.002887,0.000885
Del-Valle,Del-Valle,,1,1,1,1,1,0,0,0,2,3,0,0,0.002887,0.000885
Araya,Araya,,7,8,10,0.167747,0.185848,4929,0.008987,0.008987,3,1,0,0,0.058604,0.002846
Guerrero,Guerrero,,3,3,9,0.200452,0.222215,5782.447619,0.041938,0.041938,3,0,0,0,0.124264,0.001058
Accorsi,Accorsi,,1,1,11,0.162268,0.174097,0,0.006301,0.006301,54,0,0,0,0.023971,0.000485
Opazo,Opazo,,4,4,10,0.193639,0.215624,1857,0.036046,0.036046,54,0,0,0,0.125321,0.001656
Aguilo,Aguilo,,1,1,11,0.142301,0.150722,0,0.000801,0.000801,61,0,0,0,0.00927,0.000477
Melo,Melo,,2,2,10,0.165865,0.179851,620,0.004585,0.004585,61,0,0,0,0.036064,0.000811
Allende,Allende,,3,3,10,0.168156,0.18553,1856,0.01138,0.01138,45,0,0,0,0.05764,0.001271
Bussi,Bussi,,1,1,11,0.143983,0.153965,0,0.001989,0.001989,45,0,0,0,0.013776,0.000493
Alvarado,Alvarado,,6,6,10,0.184602,0.207915,6144,0.02503,0.02503,7,0,0,0,0.111648,0.002354
Andrade,Andrade,,2,3,11,0.155952,0.169295,620,0.004513,0.004513,7,0,0,0,0.027945,0.000907
Alvarez,Alvarez,,6,7,9,0.205086,0.233004,6330.974603,0.034546,0.034546,7,0,0,0,0.16648,0.002041
Zenteno,Zenteno,,1,2,10,0.17023,0.184595,0,0.006038,0.006038,7,0,0,0,0.032748,0.000422
Alvarez-Salamanca,Alvarez-Salamanca,,2,2,10,0.183619,0.201796,620,0.02177,0.02177,7,0,0,0,0.077488,0.000825
Buchi,Buchi,,1,1,11,0.155172,0.165618,0,0.003805,0.003805,7,0,0,0,0.015338,0.000483
San-Martin,San-Martin,,1,1,10,0.193277,0.212404,0,0.032743,0.032743,54,0,0,0,0.106994,0.00042
Ascencio,Ascencio,,1,1,1,1,1,0,0,0,4,4,0,0,0.002887,0.000885
Mansilla,Mansilla,,1,1,1,1,1,0,0,0,4,4,0,0,0.002887,0.000885
Barros,Barros,,7,13,10,0.182272,0.207586,3823.997727,0.016668,0.016668,61,0,0,0,0.10899,0.0024
Montero,Montero,,7,9,10,0.187387,0.21251,3541.461569,0.028151,0.028151,51,0,0,0,0.115591,0.00246
Bauer,Bauer,,1,1,1,1,1,0,0,0,5,5,0,0,0.002887,0.000885
Jouanne,Jouanne,,1,1,1,1,1,0,0,0,5,5,0,0,0.002887,0.000885
Becker,Becker,,2,2,10,0.16631,0.178472,1238,0.006871,0.006871,7,0,0,0,0.02333,0.000872
Alvear,Alvear,,2,3,9,0.199166,0.218503,1854,0.038071,0.038071,7,0,0,0,0.102665,0.000775
Bertolino,Bertolino,,1,1,1,1,1,0,0,0,6,6,0,0,0.002887,0.000885
Rendic,Rendic,,1,1,1,1,1,0,0,0,6,6,0,0,0.002887,0.000885
Burgos,Burgos,,4,8,10,0.181685,0.200281,7189.717857,0.012871,0.012871,57,0,0,0,0.065814,0.001496
Bustos,Bustos,,4,4,10,0.190901,0.213332,1503.721429,0.030409,0.030409,7,0,0.166667,1,0.122116,0.001379
Ramirez,Ramirez,,14,16,9,0.224674,0.261779,18697.350577,0.120742,0.120742,7,0,0.010989,1,0.400919,0.004634
Cardemil,Cardemil,,2,2,10,0.190959,0.20956,620,0.023779,0.023779,57,0,0,0,0.088073,0.000806
Herrera,Herrera,,14,26,9,0.235763,0.274303,25872.993254,0.131883,0.131883,57,0,0.010989,1,0.472917,0.004433
Ceroni,Ceroni,,1,1,11,0.15494,0.166452,0,0.003543,0.003543,44,0,0,0,0.017566,0.000448
Fuentes,Fuentes,,3,3,10,0.183294,0.203901,1536.570013,0.020271,0.020271,44,0,0,0,0.082124,0.001111
Correa,Correa,,15,19,9,0.220918,0.258503,19780.650006,0.045152,0.045152,14,0,0.009524,1,0.350085,0.004651
De-la-Cerda,De-la-Cerda,,2,2,9,0.188125,0.20837,1173.426144,0.011144,0.011144,44,0,0,0,0.087136,0.00068
Cristi,Cristi,,1,1,1,1,1,0,0,0,8,7,0,0,0.002887,0.000885
Marfil,Marfil,,1,1,1,1,1,0,0,0,8,7,0,0,0.002887,0.000885
Cubillos,Cubillos,,2,4,1,1,1,1,0,0,9,2,0,0,0.006458,0.001292
Sigall,Sigall,,1,3,2,0.666667,0.75,0,0,0,9,8,0,0,0.004276,0.000682
Delmastro,Delmastro,,1,1,1,1,1,0,0,0,10,9,0,0,0.002887,0.000885
Naso,Naso,,1,1,1,1,1,0,0,0,10,9,0,0,0.002887,0.000885
Diaz,Diaz,,10,16,9,0.218893,0.252339,16160.050882,0.063501,0.063501,39,0,0,0,0.289709,0.003394
Dittborn,Dittborn,,1,1,1,1,1,0,0,0,11,10,0,0,0.002887,0.000885
Cordua,Cordua,,1,1,1,1,1,0,0,0,11,10,0,0,0.002887,0.000885
Egana,Egana,,1,1,1,1,1,0,0,0,12,11,0,0,0.002887,0.000885
Respaldiza,Respaldiza,,1,1,1,1,1,0,0,0,12,11,0,0,0.002887,0.000885
Encina,Encina,,1,1,1,1,1,0,0,0,13,12,0,0,0.002887,0.000885
Moriamez,Moriamez,,1,1,1,1,1,0,0,0,13,12,0,0,0.002887,0.000885
Errazuriz,Errazuriz,,4,6,10,0.182486,0.202973,1389.845455,0.010297,0.010297,14,0,0.166667,1,0.099742,0.00136
Eguiguren,Eguiguren,,2,2,10,0.181261,0.199865,0,0.009692,0.009692,14,0,1,1,0.088828,0.000685
Forni,Forni,,1,1,11,0.162183,0.173695,0,0.006096,0.006096,54,0,0,0,0.022156,0.000486
Lobos,Lobos,,3,3,10,0.193518,0.214551,1239,0.034873,0.034873,54,0,0,0,0.118436,0.001246
Galilea,Galilea,,4,5,11,0.147681,0.162303,1483.520751,0.001217,0.001217,22,2,0,0,0.029402,0.001573
Carrillo,Carrillo,,2,2,11,0.150655,0.164261,686.466062,0.00143,0.00143,22,0,0,0,0.024311,0.000762
Garcia,Garcia,,11,15,9,0.206175,0.235304,8742.172048,0.055503,0.055503,55,0,0,0,0.213862,0.003902
Garcia-Huidobro,Garcia-Huidobro,,1,1,13,0.120794,0.127216,0,0.000111,0.000111,47,0,0,0,0.005191,0.000534
Sanfuentes,Sanfuentes,,2,2,12,0.137359,0.147074,620,0.000635,0.000635,47,0,0,0,0.011882,0.000943
Torres,Torres,,5,6,9,0.220526,0.250829,5936.670624,0.114201,0.114201,50,0,0,0,0.278573,0.001709
Hales,Hales,,2,6,1,1,1,1,0,0,15,3,0,0,0.006458,0.001292
Dib,Dib,,1,1,2,0.666667,0.75,0,0,0,15,13,0,0,0.004276,0.000682
Hernandez,Hernandez,,5,11,10,0.175473,0.19474,2313.678283,0.011207,0.011207,22,0,0,0,0.060049,0.00187
Jaramillo,Jaramillo,,2,3,11,0.142693,0.151275,620,0.001239,0.001239,7,0,0,0,0.010034,0.000965
Jarpa,Jarpa,,2,2,12,0.135176,0.145278,620,0.000869,0.000869,7,0,0,0,0.014877,0.000957
Wevar,Wevar,,1,1,13,0.119102,0.12568,0,0.000152,0.000152,7,0,0,0,0.005882,0.000539
Kast,Kast,,2,6,1,1,1,1,0,0,16,4,0,0,0.006458,0.001292
Rist,Rist,,1,3,2,0.666667,0.75,0,0,0,16,14,0,0,0.004276,0.000682
Leal,Leal,,2,2,12,0.134707,0.144939,620,0.000465,0.000465,57,0,0,0,0.016475,0.000898
Labrin,Labrin,,1,1,13,0.118738,0.125341,0,0.000081,0.000081,57,0,0,0,0.006275,0.000515
Lorenzini,Lorenzini,,1,1,1,1,1,0,0,0,17,15,0,0,0.002887,0.000885
Basso,Basso,,1,1,1,1,1,0,0,0,17,15,0,0,0.002887,0.000885
Martinez,Martinez,,13,13,10,0.19376,0.226253,9538.344993,0.027984,0.027984,22,0,0,0,0.223827,0.004467
Labbe,Labbe,,2,2,11,0.163809,0.181774,1499.470319,0.005104,0.005104,22,0,0,0,0.056671,0.000759
Masferrer,Masferrer,,1,1,1,1,1,0,0,0,18,16,0,0,0.002887,0.000885
Pellizzari,Pellizzari,,1,1,1,1,1,0,0,0,18,16,0,0,0.002887,0.000885
Melero,Melero,,1,1,1,1,1,0,0,0,19,17,0,0,0.002887,0.000885
Abaroa,Abaroa,,1,1,1,1,1,0,0,0,19,17,0,0,0.002887,0.000885
Meza,Meza,,2,2,13,0.12155,0.130404,620,0.000092,0.000092,60,0,0,0,0.012409,0.000911
Moncada,Moncada,,1,1,14,0.108396,0.114295,0,0.000016,0.000016,60,0,0,0,0.005444,0.00052
Monckeberg,Monckeberg,,2,4,10,0.17974,0.196735,620,0.011449,0.011449,39,0,0,0,0.058533,0.000836
Montes,Montes,,3,4,12,0.130654,0.141552,1239,0.000172,0.000172,60,0,0,0,0.016676,0.001316
Cisternas,Cisternas,,3,3,11,0.150109,0.164799,3156.94881,0.000924,0.000924,60,0,0,0,0.028546,0.001142
Moreira,Moreira,,1,2,11,0.154209,0.167555,0,0.002913,0.002913,61,0,0,0,0.024884,0.000424
Mulet,Mulet,,1,1,11,0.162353,0.178095,0,0.004891,0.004891,22,0,0,0,0.047046,0.000425
Munoz,Munoz,,17,18,8,0.257998,0.30443,46608.364623,0.328461,0.328461,20,0,0,0,0.798294,0.005455
D'Albora,D'Albora,,1,1,9,0.205154,0.225499,0,0.057412,0.057412,20,0,0,0,0.131005,0.000406
Norambuena,Norambuena,,3,3,10,0.180157,0.197758,3581.753319,0.011254,0.011254,57,0,0,0,0.055903,0.001071
Farias,Farias,,2,2,10,0.155639,0.167603,514.968398,0.00211,0.00211,14,0,0,0,0.0198,0.00077
Ojeda,Ojeda,,4,4,11,0.160964,0.17523,1857,0.00474,0.00474,57,3,0,0,0.032177,0.001752
Uribe,Uribe,,3,4,10,0.19143,0.211841,3084,0.024633,0.024633,57,0,0,0,0.098462,0.001168
Olivares,Olivares,,2,2,12,0.134328,0.144454,1238,0.000298,0.000298,21,0,0,0,0.014649,0.00089
Zepeda,Zepeda,,2,3,13,0.118489,0.126109,620,0.000054,0.000054,21,0,0,0,0.009189,0.000977
Ortiz,Ortiz,,5,12,10,0.1875,0.213549,4784.210714,0.019913,0.019913,61,0,0,0,0.12725,0.001754
Novoa,Novoa,,2,2,11,0.158015,0.172876,620,0.00359,0.00359,61,0,0,0,0.030189,0.000851
Palma,Palma,,7,12,10,0.182916,0.206273,9805.549387,0.008873,0.008873,21,0,0,0,0.092541,0.002416
Flores,Flores,,5,7,10,0.201493,0.226444,9971.470828,0.017923,0.017923,14,0,0,0,0.122134,0.001634
Paredes,Paredes,,2,2,11,0.162438,0.179168,620,0.005046,0.005046,22,0,0,0,0.051364,0.000842
Fierro,Fierro,,1,1,12,0.13977,0.149699,0,0.000882,0.000882,22,0,0,0,0.011975,0.000491
Paya,Paya,,1,1,1,1,1,0,0,0,23,18,0,0,0.002887,0.000885
Mira,Mira,,1,1,1,1,1,0,0,0,23,18,0,0,0.002887,0.000885
Arriagada,Arriagada,,4,4,9,0.21683,0.243527,7643.818543,0.059643,0.059643,57,0,0,0,0.212839,0.001336
Quintana,Quintana,,5,7,11,0.155561,0.171884,5592.842857,0.002581,0.002581,57,0,0,0,0.041973,0.00193
Recondo,Recondo,,1,1,1,1,1,0,0,0,24,19,0,0,0.002887,0.000885
Lavanderos,Lavanderos,,1,1,1,1,1,0,0,0,24,19,0,0,0.002887,0.000885
Robles,Robles,,1,1,1,1,1,0,0,0,25,20,0,0,0.002887,0.000885
Pantoja,Pantoja,,1,1,1,1,1,0,0,0,25,20,0,0,0.002887,0.000885
Rojas,Rojas,,17,19,9,0.21683,0.258293,19181.742183,0.115984,0.115984,42,0,0.007353,1,0.464707,0.005744
Rossi,Rossi,,1,1,1,1,1,0,0,0,26,21,0,0,0.002887,0.000885
Ciocca,Ciocca,,1,1,1,1,1,0,0,0,26,21,0,0,0.002887,0.000885
Saa,Saa,,1,1,10,0.179636,0.195662,0,0.011099,0.011099,39,0,0,0,0.054223,0.000421
Suarez,Suarez,,7,10,9,0.208249,0.236764,4671.098268,0.107107,0.107107,51,0,0,0,0.233519,0.002455
Salaberry,Salaberry,,1,1,10,0.18733,0.205537,0,0.034579,0.034579,50,0,0,0,0.081437,0.000393
Sepulveda,Sepulveda,,9,9,9,0.220526,0.252049,13422.476626,0.065818,0.065818,50,0,0,0,0.263195,0.002869
Orbenes,Orbenes,,1,1,10,0.180733,0.196015,0,0.011504,0.011504,50,0,0,0,0.049531,0.000404
Tarud,Tarud,,2,4,1,1,1,1,0,0,27,5,0,0,0.006458,0.001292
Daccarett,Daccarett,,1,1,2,0.666667,0.75,0,0,0,27,22,0,0,0.004276,0.000682
Toha,Toha,,2,9,9,0.206244,0.229955,299.016753,0.103511,0.103511,50,0,0,0,0.209657,0.000656
Morales,Morales,,6,9,8,0.219125,0.246879,4548.342793,0.122475,0.122475,50,0,0,0,0.286298,0.001855
Tuma,Tuma,,1,2,1,1,1,0,0,0,28,23,0,0,0.002887,0.000885
Zedan,Zedan,,1,2,1,1,1,0,0,0,28,23,0,0,0.002887,0.000885
Ulloa,Ulloa,,1,1,1,1,1,0,0,0,29,24,0,0,0.002887,0.000885
Aguillon,Aguillon,,1,1,1,1,1,0,0,0,29,24,0,0,0.002887,0.000885
Uriarte,Uriarte,,1,1,10,0.190842,0.208486,0,0.023052,0.023052,57,0,0,0,0.083243,0.000402
Urrutia,Urrutia,,7,10,8,0.224107,0.255632,12138.763176,0.12156,0.12156,14,0,0,0,0.316338,0.002224
Bonilla,Bonilla,,3,3,9,0.183348,0.200787,1239,0.02263,0.02263,14,0,0,0,0.063807,0.001213
Valenzuela,Valenzuela,,13,17,8,0.248003,0.287741,26459.188038,0.21094,0.21094,7,0,0,0,0.571036,0.004152
Van-Treek,Van-Treek,,1,1,9,0.198784,0.216812,0,0.03687,0.03687,7,0,0,0,0.095944,0.000404
Vargas,Vargas,,8,8,9,0.205493,0.235273,9026.408836,0.027804,0.027804,44,0,0,0,0.177755,0.002693
Lyng,Lyng,,1,1,10,0.170511,0.185434,0,0.00486,0.00486,44,0,0,0,0.036841,0.000419
Venegas,Venegas,,3,4,10,0.155211,0.16715,1239,0.004089,0.004089,14,2,0,0,0.020132,0.001331
Rubio,Rubio,,1,1,11,0.134386,0.14174,0,0.000715,0.000715,14,0,0,0,0.007119,0.00051
Vidal,Vidal,,7,12,10,0.20468,0.236293,10521.587854,0.037949,0.037949,30,0,0,0,0.198814,0.002315
Lazaro,Lazaro,,1,1,11,0.169951,0.186035,0,0.006633,0.006633,30,0,0,0,0.038789,0.000414
Von-Muhlenbrock,Von-Muhlenbrock,,1,1,1,1,1,0,0,0,31,25,0,0,0.002887,0.000885
Zamora,Zamora,,1,1,1,1,1,0,0,0,31,25,0,0,0.002887,0.000885
Walker,Walker,,2,6,10,0.196395,0.217999,861.123882,0.029848,0.029848,86,0,0,0,0.100518,0.000662
Prieto,Prieto,,6,11,9,0.20881,0.235015,5719.960073,0.021258,0.021258,86,0,0,0,0.155304,0.001886
Aedo,Aedo,,2,2,1,1,1,1,0,0,32,6,0,0,0.006458,0.001292
Ormeno,Ormeno,,1,1,2,0.666667,0.75,0,0,0,32,26,0,0,0.004276,0.000682
Alinco,Alinco,,1,1,11,0.160341,0.172557,0,0.005315,0.005315,7,0,0,0,0.023975,0.000426
Arenas,Arenas,,2,2,1,1,1,1,0,0,33,7,0,0,0.006458,0.001292
H̦dar,H̦dar,,1,1,2,0.666667,0.75,0,0,0,33,27,0,0,0.004276,0.000682
Bobadilla,Bobadilla,,1,1,9,0.205154,0.225499,0,0.057412,0.057412,20,0,0,0,0.131005,0.000406
Chahuan,Chahuan,,0,0,0,0,0,0,0,0,34,28,0,0,0,0.000133
De-Urresti,De-Urresti,,1,1,10,0.164329,0.175883,0,0.005478,0.005478,3,0,0,0,0.021022,0.000437
Longton,Longton,,3,3,9,0.196581,0.217583,1749.880952,0.03134,0.03134,3,0,0,0,0.112068,0.001073
Duarte,Duarte,,1,1,14,0.104651,0.110418,0,0.000012,0.000012,35,0,0,0,0.008259,0.000522
Leiva,Leiva,,4,5,13,0.116861,0.126334,1857,0.000067,0.000067,35,4,0,0,0.019686,0.001829
Eluchans,Eluchans,,2,2,1,1,1,1,0,0,36,8,0,0,0.006458,0.001292
Urenda,Urenda,,1,1,2,0.666667,0.75,0,0,0,36,28,0,0,0.004276,0.000682
Enriquez-Ominami,Enriquez-Ominami,,1,1,1,1,1,0,0,0,37,29,0,0,0.002887,0.000885
Gumucio,Gumucio,,1,1,1,1,1,0,0,0,37,29,0,0,0.002887,0.000885
Escobar,Escobar,,7,15,9,0.205834,0.232366,6204.928998,0.051917,0.051917,55,0,0,0,0.177642,0.002389
Rufatt,Rufatt,,1,1,10,0.170745,0.184196,0,0.009075,0.009075,55,0,0,0,0.034578,0.000423
Espinosa,Espinosa,,1,1,1,1,1,0,0,0,38,30,0,0,0.002887,0.000885
Monardes,Monardes,,1,1,1,1,1,0,0,0,38,30,0,0,0.002887,0.000885
Estay,Estay,,2,2,11,0.153069,0.164825,620,0.002136,0.002136,39,0,0,0,0.018462,0.000897
Penaloza,Penaloza,,1,1,12,0.132777,0.140225,0,0.000373,0.000373,39,0,0,0,0.006182,0.000514
Ponce,Ponce,,2,2,11,0.146566,0.158658,313.616667,0.000817,0.000817,14,0,0,0,0.01984,0.000786
Fuentealba,Fuentealba,,1,1,1,1,1,0,0,0,40,31,0,0,0.002887,0.000885
Vildosola,Vildosola,,1,1,1,1,1,0,0,0,40,31,0,0,0.002887,0.000885
Girardi,Girardi,,2,3,11,0.150181,0.162552,620,0.00223,0.00223,61,0,0,0,0.019184,0.00087
Briere,Briere,,1,1,12,0.130599,0.138446,0,0.00039,0.00039,61,0,0,0,0.006436,0.000502
Godoy,Godoy,,2,2,11,0.158217,0.171007,620,0.006871,0.006871,50,0,0,0,0.023315,0.000908
Ibanez,Ibanez,,4,4,10,0.187783,0.20916,2473,0.038108,0.038108,50,0,0,0,0.099378,0.001572
Goic,Goic,,1,1,1,1,1,0,0,0,41,32,0,0,0.002887,0.000885
Boroevic,Boroevic,,1,1,1,1,1,0,0,0,41,32,0,0,0.002887,0.000885
Silva,Silva,,14,17,9,0.221469,0.259311,17138.226154,0.083651,0.083651,42,0,0.010989,1,0.394625,0.004722
Insunza,Insunza,,2,2,11,0.146635,0.158226,620,0.001179,0.001179,61,0,0,0,0.018643,0.000878
Gregorio-de-las-Heras,Gregorio-de-las-Heras,,1,1,12,0.127909,0.135278,0,0.000206,0.000206,61,0,0,0,0.006511,0.000506
Isasi,Isasi,,1,1,1,1,1,0,0,0,43,33,0,0,0.002887,0.000885
Barbieri,Barbieri,,1,1,1,1,1,0,0,0,43,33,0,0,0.002887,0.000885
Jimenez,Jimenez,,10,12,10,0.189214,0.217267,5362.125541,0.03196,0.03196,44,0,0,0,0.147457,0.00366
Latorre,Latorre,,4,9,9,0.205425,0.23017,2002.313492,0.097145,0.097145,50,0,0,0,0.197388,0.001424
Carmona,Carmona,,2,2,10,0.187783,0.20763,164.428571,0.051559,0.051559,50,0,0,0,0.114779,0.000695
Leon,Leon,,6,7,10,0.189329,0.213321,3631.220238,0.031499,0.031499,7,0,0.066667,1,0.13467,0.002115
Krause,Krause,,1,1,11,0.162183,0.173695,0,0.006096,0.006096,54,0,0,0,0.022156,0.000486
Bruner,Bruner,,1,2,11,0.152393,0.162291,0,0.002001,0.002001,39,0,0,0,0.012444,0.000488
Monsalve,Monsalve,,1,1,11,0.145946,0.154614,0,0.001636,0.001636,55,0,0,0,0.009366,0.000489
Benavides,Benavides,,2,3,10,0.170839,0.18527,620,0.009361,0.009361,55,0,0,0,0.038488,0.000839
Nogueira,Nogueira,,1,1,10,0.167883,0.182981,0,0.010673,0.010673,45,0,0,0,0.046845,0.000449
Fernandez,Fernandez,,13,17,9,0.201689,0.23311,10589.5,0.061063,0.061063,45,0,0,0,0.230195,0.004832
Nunez,Nunez,,8,11,9,0.210651,0.238143,8938.397403,0.071878,0.071878,66,0,0,0,0.211557,0.002791
Lozano,Lozano,,1,1,10,0.174047,0.18781,0,0.012564,0.012564,66,0,0,0,0.039517,0.000429
Pacheco,Pacheco,,3,4,10,0.171832,0.188243,2747.699892,0.006668,0.006668,14,0,0,0,0.041504,0.001068
Rivas,Rivas,,2,2,11,0.146878,0.158121,1854,0.001205,0.001205,14,0,0,0,0.017252,0.000822
Pascal,Pascal,,2,2,11,0.14405,0.155038,620,0.002052,0.002052,45,0,0,0,0.017251,0.000948
Rubilar,Rubilar,,1,1,2,0.666667,0.75,0,0,0,46,34,0,0,0.004276,0.000682
Barahona,Barahona,,2,2,1,1,1,1,0,0,46,9,0,0,0.006458,0.001292
Sabag,Sabag,,2,2,10,0.176471,0.193588,3080,0.014525,0.014525,44,0,0,0,0.051284,0.000781
Villalobos,Villalobos,,2,3,11,0.150327,0.162402,2468,0.002627,0.002627,44,0,0,0,0.019441,0.000851
Hermosilla,Hermosilla,,1,1,10,0.180733,0.196015,0,0.011504,0.011504,50,0,0,0,0.049531,0.000404
Silber,Silber,,1,1,12,0.12581,0.132216,0,0.000207,0.000207,55,0,0,0,0.005167,0.000528
Romo,Romo,,2,2,11,0.143883,0.153654,620,0.001183,0.001183,55,0,0,0,0.012062,0.000931
Sule,Sule,,1,1,10,0.167883,0.182981,0,0.010673,0.010673,45,0,0,0,0.046845,0.000449
Sunico,Sunico,,1,1,11,0.15139,0.162909,0,0.003655,0.003655,42,0,0,0,0.017247,0.000487
Galdames,Galdames,,2,2,10,0.178346,0.19841,620,0.020912,0.020912,42,0,0,0,0.089331,0.000834
Turres,Turres,,1,1,10,0.181632,0.197284,0,0.014851,0.014851,47,0,0,0,0.048909,0.000424
Figueroa,Figueroa,,9,13,9,0.221865,0.25398,16155.767216,0.084964,0.084964,47,0,0,0,0.26518,0.00308
Valcarce,Valcarce,,2,2,2,0.625,0.7,4,0,0,48,10,0,0,0.01121,0.001052
Becerra,Becerra,,1,1,3,0.416667,0.5,0,0,0,48,35,0,0,0.005376,0.00058
Vallespin,Vallespin,,1,1,2,0.571429,0.625,0,0,0,49,36,0,0,0.007428,0.00058
Lopez,Lopez,,4,4,1,1,1,6,0,0,49,5,0,0,0.015842,0.002105
Cardenas,Cardenas,,2,2,9,0.183456,0.200518,1854,0.021962,0.021962,14,0,0,0,0.061841,0.00078
Verdugo,Verdugo,,2,2,10,0.187443,0.206611,620,0.035669,0.035669,50,0,0,0,0.086155,0.000792
Ward,Ward,,1,2,11,0.153637,0.1643,0,0.002636,0.002636,42,0,0,0,0.015349,0.000487
Edwards,Edwards,,2,3,10,0.181473,0.200017,620,0.015082,0.015082,42,0,0,0,0.077156,0.000833
Schilling,Schilling,,1,1,9,0.194427,0.211788,0,0.034889,0.034889,55,0,0,0,0.086789,0.000408
Harboe,Harboe,,1,1,11,0.157654,0.169694,0,0.007978,0.007978,51,0,0,0,0.022233,0.000434
Bascunan,Bascunan,,4,7,10,0.187105,0.208888,1499.314286,0.045643,0.045643,51,0,0,0,0.11754,0.001418
Lara,Lara,,1,2,12,0.134941,0.143184,0,0.000789,0.000789,7,0,0,0,0.007903,0.000518
Auth,Auth,,1,1,1,1,1,0,0,0,52,37,0,0,0.002887,0.000885
Stewart,Stewart,,1,1,1,1,1,0,0,0,52,37,0,0,0.002887,0.000885
Baltolu,Baltolu,,1,1,1,1,1,0,0,0,53,38,0,0,0.002887,0.000885
Rasera,Rasera,,1,1,1,1,1,0,0,0,53,38,0,0,0.002887,0.000885
Calderon,Calderon,,4,4,11,0.148921,0.161561,2473,0.002504,0.002504,66,6,0,0,0.025075,0.001731
Bassi,Bassi,,1,1,12,0.129645,0.137167,0,0.000438,0.000438,66,0,0,0,0.008957,0.000501
Campos,Campos,,4,6,11,0.163421,0.179463,1857,0.007525,0.007525,54,0,0,0,0.043491,0.00173
Jara,Jara,,6,7,10,0.194915,0.220118,5014.233333,0.039104,0.039104,54,0,0,0,0.151045,0.002266
Castro,Castro,,3,3,9,0.210295,0.236771,3285.42639,0.095668,0.095668,51,0,0,0,0.216029,0.001006
Cerda,Cerda,,5,6,10,0.178243,0.198629,2143.37381,0.020671,0.020671,55,0,0,0,0.095475,0.001876
Chahin,Chahin,,1,1,9,0.198784,0.216812,0,0.03687,0.03687,7,0,0,0,0.095944,0.000404
Lavin,Lavin,,4,7,10,0.176571,0.196824,2465.65119,0.01237,0.01237,61,0,0,0,0.066885,0.001458
Gutierrez,Gutierrez,,7,8,9,0.202346,0.229033,6571.153652,0.039095,0.039095,86,0,0,0,0.149634,0.002356
Galvez,Galvez,,2,3,10,0.169951,0.186038,356.253571,0.008388,0.008388,86,0,0,0,0.041876,0.000741
Pino,Pino,,2,2,10,0.168521,0.183501,1238,0.007056,0.007056,86,0,0,0,0.035801,0.000812
Hoffmann,Hoffmann,,1,1,11,0.162268,0.174097,0,0.006301,0.006301,54,0,0,0,0.023971,0.000485
Lemus,Lemus,,1,1,1,1,1,0,0,0,56,39,0,0,0.002887,0.000885
Aracena,Aracena,,1,1,1,1,1,0,0,0,56,39,0,0,0.002887,0.000885
Macaya,Macaya,,2,2,10,0.178448,0.193429,1238,0.010764,0.010764,57,0,0,0,0.042898,0.000809
Danus,Danus,,2,2,11,0.151537,0.161465,620,0.001941,0.001941,57,0,0,0,0.013012,0.000923
Marinovic,Marinovic,,1,1,1,1,1,0,0,0,58,40,0,0,0.002887,0.000885
Solo-de-Zaldivar,Solo-de-Zaldivar,,1,1,1,1,1,0,0,0,58,40,0,0,0.002887,0.000885
Lahsen,Lahsen,,1,1,10,0.193277,0.212404,0,0.032743,0.032743,54,0,0,0,0.106994,0.00042
Rincon,Rincon,,1,3,9,0.204883,0.226546,0,0.082103,0.082103,50,0,0,0,0.161545,0.000393
Sanchez,Sanchez,,3,3,12,0.1282,0.1374,1239,0.000224,0.000224,14,6,0,0,0.013689,0.001366
Sabat,Sabat,,1,1,10,0.167883,0.182981,0,0.010673,0.010673,45,0,0,0,0.046845,0.000449
Santana,Santana,,2,2,10,0.17607,0.192541,620,0.014509,0.014509,44,0,0,0,0.048777,0.000834
Tirachini,Tirachini,,1,1,11,0.149747,0.159503,0,0.002536,0.002536,44,0,0,0,0.010951,0.000487
Sauerbaum,Sauerbaum,,1,1,9,0.205154,0.225499,0,0.057412,0.057412,20,0,0,0,0.131005,0.000406
Mendez,Mendez,,2,2,9,0.201623,0.222803,1782.791667,0.028846,0.028846,42,0,0,0,0.113633,0.000709
Squella,Squella,,2,2,10,0.165556,0.17923,317.791667,0.004046,0.004046,47,0,0,0,0.031821,0.000767
Ovalle,Ovalle,,2,2,11,0.166043,0.17756,314.939286,0.003634,0.003634,47,0,0,0,0.022482,0.000772
Jeldes,Jeldes,,1,1,10,0.180733,0.19612,0,0.019961,0.019961,50,0,0,0,0.047013,0.000423
Van-Rysselberghe,Van-Rysselberghe,,2,2,10,0.197645,0.21813,0,0.034686,0.034686,57,0,1,1,0.126171,0.000671
Zalaquett,Zalaquett,,1,1,1,1,1,0,0,0,59,41,0,0,0.002887,0.000885
Said,Said,,1,1,1,1,1,0,0,0,59,41,0,0,0.002887,0.000885
Acuna,Acuna,,3,4,10,0.174733,0.193393,4742.671795,0.004853,0.004853,60,0,0,0,0.054893,0.001054
Alessandri,Alessandri,,4,4,8,0.214212,0.239012,7708.353233,0.055527,0.055527,60,0,0,0,0.178387,0.001315
Valdes,Valdes,,10,12,9,0.194427,0.221947,11217.350722,0.019126,0.019126,60,0,0,0,0.144214,0.003408
Avila,Avila,,3,3,9,0.191195,0.211431,1226.866667,0.026503,0.026503,61,0,0,0,0.092083,0.001038
Contreras,Contreras,,8,9,9,0.198656,0.224424,5224.431141,0.025433,0.025433,61,0,0,0,0.151398,0.002564
Caminondo,Caminondo,,1,1,3,0.454545,0.533333,0,0,0,62,42,0,0,0.006507,0.000557
Saez,Saez,,3,3,2,0.714286,0.8,8,0,0,62,7,0,0,0.013818,0.001498
Coloma,Coloma,,2,2,10,0.181314,0.199999,1854,0.008149,0.008149,14,0,0,0,0.074474,0.000764
Elgueta,Elgueta,,1,1,13,0.11575,0.122295,0,0.000088,0.000088,44,0,0,0,0.007961,0.000519
Barrientos,Barrientos,,4,5,12,0.130875,0.141564,1857,0.000506,0.000506,44,7,0,0,0.018746,0.001819
Espina,Espina,,1,2,1,1,1,0,0,0,63,43,0,0,0.002887,0.000885
Otero,Otero,,1,2,1,1,1,0,0,0,63,43,0,0,0.002887,0.000885
Ruminot,Ruminot,,1,1,10,0.17098,0.185107,0,0.009701,0.009701,55,0,0,0,0.043007,0.000434
Krauss,Krauss,,2,5,2,0.75,0.833333,2,0,0,64,13,0,0,0.007915,0.001149
Rusque,Rusque,,1,3,3,0.5,0.611111,0,0,0,64,44,0,0,0.004627,0.000621
Mesias,Mesias,,1,1,1,1,1,0,0,0,65,45,0,0,0.002887,0.000885
Lehu,Lehu,,1,1,1,1,1,0,0,0,65,45,0,0,0.002887,0.000885
Pareto,Pareto,,2,2,9,0.217057,0.241586,646.621429,0.097702,0.097702,50,0,0,0,0.213395,0.00066
Prochelle,Prochelle,,1,1,12,0.119446,0.125815,0,0.000083,0.000083,66,0,0,0,0.006071,0.000514
Aguilar,Aguilar,,2,2,11,0.135619,0.145436,620,0.000475,0.000475,66,0,0,0,0.015218,0.000896
Prokuri̤a,Prokuri̤a,,0,0,0,0,0,0,0,0,67,47,0,0,0,0.000133
Reyes,Reyes,,4,4,11,0.156187,0.171845,2473,0.004822,0.004822,7,0,0,0,0.039136,0.00172
Sciaraffia,Sciaraffia,,1,1,11,0.152467,0.162693,0,0.002066,0.002066,39,0,0,0,0.014015,0.000486
Estrada,Estrada,,3,3,10,0.179844,0.197809,1239,0.011822,0.011822,39,0,0,0,0.063564,0.001248
Arratia,Arratia,,1,1,1,1,1,0,0,0,68,46,0,0,0.002887,0.000885
Valdebenito,Valdebenito,,1,1,1,1,1,0,0,0,68,46,0,0,0.002887,0.000885
Huerta,Huerta,,2,3,9,0.186767,0.20643,972.728571,0.016415,0.016415,39,0,0,0,0.078198,0.000714
Fossa,Fossa,,1,1,10,0.178243,0.197336,0,0.020273,0.020273,42,0,0,0,0.084377,0.00042
Roman,Roman,,2,2,9,0.21209,0.236562,1929.895238,0.088937,0.088937,86,0,0,0,0.192087,0.00068
Huenchumilla,Huenchumilla,,1,2,12,0.124899,0.130606,0,0.000217,0.000217,7,0,0,0,0.004873,0.000543
Jocelyn-Holt,Jocelyn-Holt,,1,1,11,0.13556,0.144362,0,0.00046,0.00046,66,0,0,0,0.011707,0.00046
Letelier,Letelier,,5,6,10,0.156779,0.172217,2626.78254,0.002634,0.002634,66,8,0,0,0.036432,0.001922
Ocamica,Ocamica,,1,1,11,0.162353,0.178095,0,0.004891,0.004891,22,0,0,0,0.047046,0.000425
Naranjo,Naranjo,,1,1,11,0.157935,0.171803,0,0.003481,0.003481,61,0,0,0,0.026448,0.000431
Irarrazaval,Irarrazaval,,2,4,11,0.170651,0.187643,1389.341847,0.00697,0.00697,21,0,0,0,0.041412,0.000702
Pollarolo,Pollarolo,,1,1,1,1,1,0,0,0,69,47,0,0,0.002887,0.000885
Villa,Villa,,1,1,1,1,1,0,0,0,69,47,0,0,0.002887,0.000885
Vega,Vega,,2,3,10,0.179169,0.194577,173.530952,0.020996,0.020996,50,0,0,0,0.046963,0.000725
Vera,Vera,,2,2,10,0.173609,0.189939,120.533333,0.009708,0.009708,7,0,0,0,0.042705,0.00073
Rocha,Rocha,,1,1,1,1,1,0,0,0,70,48,0,0,0.002887,0.000885
Manrique,Manrique,,1,1,1,1,1,0,0,0,70,48,0,0,0.002887,0.000885
Velasco,Velasco,,5,6,10,0.188926,0.210303,2964.765611,0.018605,0.018605,44,0,0,0,0.085515,0.001672
Rozas,Rozas,,1,1,11,0.15467,0.164975,0,0.002703,0.002703,66,0,0,0,0.015081,0.000451
Monge,Monge,,1,1,13,0.113653,0.119545,0,0.000039,0.000039,14,0,0,0,0.006345,0.00052
Hurtado,Hurtado,,2,4,10,0.181473,0.198414,364.486088,0.01143,0.01143,55,0,0,0,0.059352,0.000736
Ruiz-Tagle,Ruiz-Tagle,,2,3,9,0.1875,0.206341,443.024183,0.00989,0.00989,55,0,0,0,0.080888,0.000709
Wolff,Wolff,,1,1,11,0.163163,0.176242,0,0.006835,0.006835,54,0,0,0,0.029874,0.000454
Salas,Salas,,4,5,9,0.189214,0.210513,2447.70541,0.026767,0.026767,50,0,0,0,0.093499,0.001315
De-La-Fuente,De-La-Fuente,,2,2,10,0.159231,0.171931,620,0.004826,0.004826,50,0,0,0,0.022745,0.000822
Matthei,Matthei,,2,3,1,1,1,1,0,0,71,14,0,0,0.006458,0.001292
Fornet,Fornet,,1,2,2,0.666667,0.75,0,0,0,71,49,0,0,0.004276,0.000682
Munizaga,Munizaga,,1,1,9,0.194427,0.211788,0,0.034889,0.034889,55,0,0,0,0.086789,0.000408
Arancibia,Arancibia,,2,2,10,0.174536,0.190306,3080,0.013001,0.013001,66,0,0,0,0.048474,0.000797
Aylwin,Aylwin,,2,3,13,0.118829,0.126629,620,0.000084,0.000084,57,0,0,0,0.009945,0.000964
Azocar,Azocar,,1,1,14,0.106226,0.111534,0,0.000015,0.000015,57,0,0,0,0.004938,0.000542
Bombal,Bombal,,1,1,1,1,1,0,0,0,72,50,0,0,0.002887,0.000885
Otaegui,Otaegui,,1,1,1,1,1,0,0,0,72,50,0,0,0.002887,0.000885
Cantero,Cantero,,1,1,12,0.138678,0.147042,0,0.000829,0.000829,57,0,0,0,0.009838,0.000505
Dupre,Dupre,,1,1,10,0.181367,0.198943,0,0.014621,0.014621,42,0,0,0,0.072459,0.000419
Elizalde,Elizalde,,2,2,10,0.190549,0.210571,381.75,0.039425,0.039425,50,0,0,0,0.09575,0.000702
Hevia,Hevia,,3,3,10,0.186655,0.205191,1305.442857,0.027726,0.027726,50,0,0,0,0.070554,0.001091
Estevez,Estevez,,1,3,1,1,1,0,0,0,73,51,0,0,0.002887,0.000885
Valencia,Valencia,,1,3,1,1,1,0,0,0,73,51,0,0,0.002887,0.000885
Fantuzzi,Fantuzzi,,1,1,11,0.149315,0.160035,0,0.001959,0.001959,22,0,0,0,0.015119,0.000451
Gajardo,Gajardo,,4,5,11,0.16446,0.181421,1320.709524,0.008896,0.008896,86,0,0,0,0.041363,0.001514
Chacon,Chacon,,1,1,12,0.141265,0.15113,0,0.001555,0.001555,86,0,0,0,0.011334,0.000455
Ribera,Ribera,,1,2,1,1,1,0,0,0,74,52,0,0,0.002887,0.000885
Neumann,Neumann,,1,2,1,1,1,0,0,0,74,52,0,0,0.002887,0.000885
Cataldo,Cataldo,,1,1,9,0.194427,0.211788,0,0.034889,0.034889,55,0,0,0,0.086789,0.000408
Castillo,Castillo,,9,11,9,0.213475,0.244871,11741.482249,0.080471,0.080471,44,0,0,0,0.237401,0.003036
Schaulsohn,Schaulsohn,,1,1,1,1,1,0,0,0,75,53,0,0,0.002887,0.000885
Brodsky,Brodsky,,1,1,1,1,1,0,0,0,75,53,0,0,0.002887,0.000885
Sota,Sota,,1,1,11,0.154209,0.167555,0,0.002913,0.002913,61,0,0,0,0.024884,0.000424
Taladriz,Taladriz,,1,1,10,0.17098,0.185107,0,0.009701,0.009701,55,0,0,0,0.043007,0.000434
Medina,Medina,,4,8,2,0.833333,0.9,9,0,0,48,9,0,0,0.017443,0.002004
Viera-Gallo,Viera-Gallo,,1,2,1,1,1,0,0,0,76,54,0,0,0.002887,0.000885
Quesney,Quesney,,1,2,1,1,1,0,0,0,76,54,0,0,0.002887,0.000885
Allamand,Allamand,,1,2,2,0.666667,0.75,0,0,0,77,55,0,0,0.004276,0.000682
Zavala,Zavala,,2,4,1,1,1,1,0,0,77,15,0,0,0.006458,0.001292
Oyarzun,Oyarzun,,2,3,12,0.134766,0.145341,1238,0.000466,0.000466,57,0,0,0,0.017876,0.000871
Balbontin,Balbontin,,1,1,2,0.666667,0.75,0,0,0,163,56,0,0,0.004276,0.000682
Arteaga,Arteaga,,2,4,1,1,1,1,0,0,163,16,0,0,0.006458,0.001292
De-la-Maza,De-la-Maza,,1,1,1,1,1,0,0,0,78,57,0,0,0.002887,0.000885
Maillet,Maillet,,1,1,1,1,1,0,0,0,78,57,0,0,0.002887,0.000885
Ferrada,Ferrada,,2,2,9,0.21615,0.239442,1423.240079,0.071449,0.071449,50,0,0,0,0.177381,0.000664
Jurgensen,Jurgensen,,2,2,1,1,1,1,0,0,119,17,0,0,0.006458,0.001292
Caesar,Caesar,,1,1,2,0.666667,0.75,0,0,0,119,58,0,0,0.004276,0.000682
Makluf,Makluf,,1,1,12,0.140498,0.149737,0,0.001315,0.001315,54,0,0,0,0.011777,0.0005
Solis,Solis,,3,3,11,0.154979,0.169701,2471,0.001654,0.001654,21,0,0,0,0.032751,0.001208
Cabezas,Cabezas,,1,1,12,0.134212,0.142978,0,0.000289,0.000289,21,0,0,0,0.009836,0.000475
Villegas,Villegas,,3,3,9,0.219979,0.248199,3430.38729,0.121676,0.121676,50,0,0.333333,1,0.282948,0.000963
W̦rner,W̦rner,,1,1,11,0.156581,0.17055,0,0.00313,0.00313,60,0,0,0,0.029035,0.000407
Tapia,Tapia,,5,6,10,0.185595,0.212112,4280.24953,0.017905,0.017905,60,0,0,0,0.138027,0.001612
Zambrano,Zambrano,,1,1,11,0.162268,0.174097,0,0.006301,0.006301,54,0,0,0,0.023971,0.000485
Alamos,Alamos,,2,2,11,0.153675,0.165679,1238,0.001471,0.001471,14,0,0,0,0.020317,0.000866
Vasquez,Vasquez,,2,2,12,0.13329,0.141876,620,0.000265,0.000265,14,0,0,0,0.009772,0.000961
Balmaceda,Balmaceda,,1,1,9,0.176471,0.1893,0,0.009706,0.009706,60,0,0,0,0.032412,0.000412
Bosselin,Bosselin,,1,1,10,0.180997,0.198309,0,0.007892,0.007892,14,0,0,0,0.068014,0.000396
Quiroga,Quiroga,,1,3,12,0.140498,0.149737,0,0.001315,0.001315,54,0,0,0,0.011777,0.0005
Alfaro,Alfaro,,1,1,11,0.160382,0.170963,0,0.004156,0.004156,57,0,0,0,0.016653,0.000475
Carrasco,Carrasco,,6,8,9,0.221944,0.250472,7978.589286,0.081383,0.081383,20,0,0,0,0.231893,0.002043
Devaud,Devaud,,1,1,12,0.138678,0.147042,0,0.000829,0.000829,57,0,0,0,0.009838,0.000505
Faulbaum,Faulbaum,,1,1,1,1,1,0,0,0,79,59,0,0,0.002887,0.000885
Mayorga,Mayorga,,1,1,1,1,1,0,0,0,79,59,0,0,0.002887,0.000885
Horvath,Horvath,,1,1,1,1,1,0,0,0,80,60,0,0,0.002887,0.000885
Kiss,Kiss,,1,1,1,1,1,0,0,0,80,60,0,0,0.002887,0.000885
Huepe,Huepe,,1,2,10,0.17098,0.185107,0,0.009701,0.009701,55,0,0,0,0.043007,0.000434
Catalan,Catalan,,2,2,11,0.172022,0.188626,486.895238,0.008365,0.008365,54,0,0,0,0.044951,0.000756
Kuzmicic,Kuzmicic,,1,1,12,0.129645,0.137167,0,0.000438,0.000438,66,0,0,0,0.008957,0.000501
Maluenda,Maluenda,,1,1,12,0.140498,0.149737,0,0.001315,0.001315,54,0,0,0,0.011777,0.0005
Matta,Matta,,1,1,1,1,1,0,0,0,81,61,0,0,0.002887,0.000885
Aragay,Aragay,,1,1,1,1,1,0,0,0,81,61,0,0,0.002887,0.000885
Mekis,Mekis,,1,1,11,0.162353,0.178095,0,0.004891,0.004891,22,0,0,0,0.047046,0.000425
Valdivieso,Valdivieso,,2,4,11,0.16716,0.184486,620,0.008327,0.008327,42,0,0,0,0.051938,0.000841
Adriasola,Adriasola,,1,1,9,0.179792,0.193756,0,0.021408,0.021408,50,0,0,0,0.048112,0.000396
Barra,Barra,,1,1,9,0.205154,0.225499,0,0.057412,0.057412,20,0,0,0,0.131005,0.000406
Navarrete,Navarrete,,1,1,1,1,1,0,0,0,82,62,0,0,0.002887,0.000885
Carvacho,Carvacho,,1,1,1,1,1,0,0,0,82,62,0,0,0.002887,0.000885
Ortega,Ortega,,1,2,2,0.666667,0.75,0,0,0,83,63,0,0,0.004276,0.000682
Riquelme,Riquelme,,2,4,1,1,1,1,0,0,83,18,0,0,0.006458,0.001292
Palestro,Palestro,,1,1,10,0.178243,0.197336,0,0.020273,0.020273,42,0,0,0,0.084377,0.00042
Pena,Pena,,3,3,12,0.138277,0.151199,1821.425,0.000513,0.000513,60,0,0,0,0.026382,0.001186
Vergara,Vergara,,8,18,9,0.226312,0.257317,11783.520996,0.089241,0.089241,57,0,0,0,0.291616,0.002506
Ringeling,Ringeling,,1,1,1,1,1,0,0,0,84,64,0,0,0.002887,0.000885
Hunger,Hunger,,1,1,1,1,1,0,0,0,84,64,0,0,0.002887,0.000885
Riccomini,Riccomini,,1,1,9,0.194427,0.211788,0,0.034889,0.034889,55,0,0,0,0.086789,0.000408
Rojo,Rojo,,1,1,1,1,1,0,0,0,85,65,0,0,0.002887,0.000885
Avendano,Avendano,,1,1,1,1,1,0,0,0,85,65,0,0,0.002887,0.000885
Rojos,Rojos,,1,1,11,0.144251,0.153459,0,0.001272,0.001272,86,0,0,0,0.010377,0.000485
Astorga,Astorga,,3,4,10,0.168521,0.184172,1239,0.007278,0.007278,86,0,0,0,0.038966,0.001244
Sotomayor,Sotomayor,,2,2,11,0.173173,0.192308,204.866667,0.011777,0.011777,86,0,0,0,0.069166,0.000719
Mardones,Mardones,,4,4,10,0.191077,0.21401,2504.575,0.039396,0.039396,86,0,0,0,0.113383,0.001383
Yunge,Yunge,,1,1,1,1,1,0,0,0,87,66,0,0,0.002887,0.000885
Bustamante,Bustamante,,1,1,1,1,1,0,0,0,87,66,0,0,0.002887,0.000885
Bayo,Bayo,,1,1,10,0.166043,0.177049,0,0.006864,0.006864,7,0,0,0,0.019689,0.000477
Veloso,Veloso,,3,3,9,0.199038,0.218959,1239,0.03927,0.03927,7,0,0,0,0.10659,0.001215
Caraball,Caraball,,1,1,11,0.162353,0.178095,0,0.004891,0.004891,22,0,0,0,0.047046,0.000425
Escalona,Escalona,,1,1,3,0.5,0.566667,0,0,0,48,35,0,0,0.007797,0.000559
Urbina,Urbina,,2,2,9,0.18324,0.202432,1142.665489,0.012607,0.012607,86,0,0,0,0.066316,0.000698
Vidaurre,Vidaurre,,1,2,12,0.128705,0.137392,0,0.000213,0.000213,22,0,0,0,0.009625,0.000467
Hidalgo,Hidalgo,,5,5,9,0.21585,0.245616,3487.603571,0.120717,0.120717,7,0,0,0,0.276245,0.001679
Santa-Maria,Santa-Maria,,1,1,11,0.158136,0.169933,0,0.006661,0.006661,50,0,0,0,0.019741,0.000467
Jeame,Jeame,,1,1,1,1,1,0,0,0,88,67,0,0,0.002887,0.000885
Barrueto,Barrueto,,1,1,1,1,1,0,0,0,88,67,0,0,0.002887,0.000885
Villavicencio,Villavicencio,,1,1,11,0.159149,0.17341,0,0.005586,0.005586,44,0,0,0,0.032251,0.000444
Kuschel,Kuschel,,1,1,10,0.181367,0.198943,0,0.014621,0.014621,42,0,0,0,0.072459,0.000419
Lagos,Lagos,,5,6,9,0.201493,0.226697,5592.76241,0.036342,0.036342,55,0,0,0,0.148637,0.00172
Morel,Morel,,2,2,11,0.154979,0.169126,654.468254,0.002418,0.002418,66,0,0,0,0.027275,0.000762
Longueira,Longueira,,1,2,13,0.115578,0.122478,0,0.00003,0.00003,60,0,0,0,0.006915,0.000506
Luksic,Luksic,,1,1,11,0.147998,0.159219,0,0.001133,0.001133,22,0,0,0,0.015547,0.000443
Sanhueza,Sanhueza,,5,5,10,0.186431,0.210904,7271.191306,0.012501,0.012501,14,0,0,0,0.102805,0.001704
Mora,Mora,,1,1,1,1,1,0,0,0,89,68,0,0,0.002887,0.000885
Longa,Longa,,1,1,1,1,1,0,0,0,89,68,0,0,0.002887,0.000885
Navarro,Navarro,,2,2,1,1,1,1,0,0,170,19,0,0,0.006458,0.001292
Brain,Brain,,1,1,2,0.666667,0.75,0,0,0,170,69,0,0,0.004276,0.000682
Lorca,Lorca,,2,3,10,0.175078,0.190796,321.190476,0.004358,0.004358,86,0,0,0,0.040178,0.000708
Rebolledo,Rebolledo,,3,4,9,0.205154,0.228693,1239,0.087446,0.087446,50,0,0,0,0.174547,0.001195
Grunert,Grunert,,1,1,13,0.113653,0.119545,0,0.000039,0.000039,14,0,0,0,0.006345,0.00052
Villouta,Villouta,,1,1,11,0.165688,0.180032,0,0.003533,0.003533,86,0,0,0,0.031738,0.000408
Concha,Concha,,7,7,10,0.198529,0.226524,6057.700571,0.02021,0.02021,86,0,0,0,0.149872,0.002267
Aburto,Aburto,,2,2,9,0.205289,0.226573,620,0.059221,0.059221,20,0,0,0,0.136568,0.000812
Vidaurrazaga,Vidaurrazaga,,1,1,10,0.1725,0.186399,0,0.016201,0.016201,51,0,0,0,0.034637,0.000438
Riveros,Riveros,,2,4,10,0.160134,0.175501,620,0.00524,0.00524,7,0,0,0,0.031937,0.000869
Marin,Marin,,5,7,9,0.190491,0.217507,4958.485317,0.029061,0.029061,7,0,0,0,0.14208,0.001819
Mena,Mena,,2,2,10,0.196085,0.215817,865.35,0.018779,0.018779,20,0,0,0,0.081469,0.000712
Leay,Leay,,1,1,1,1,1,0,0,0,90,70,0,0,0.002887,0.000885
Moran,Moran,,1,1,1,1,1,0,0,0,90,70,0,0,0.002887,0.000885
Mella,Mella,,1,1,12,0.141265,0.15113,0,0.001555,0.001555,86,0,0,0,0.011334,0.000455
Vilicic,Vilicic,,1,1,1,1,1,0,0,0,91,71,0,0,0.002887,0.000885
Karnincic,Karnincic,,1,1,1,1,1,0,0,0,91,71,0,0,0.002887,0.000885
Orpis,Orpis,,1,1,2,0.666667,0.75,0,0,0,92,72,0,0,0.004276,0.000682
Bouchon,Bouchon,,2,2,1,1,1,1,0,0,92,20,0,0,0.006458,0.001292
Chadwick,Chadwick,,2,5,10,0.163078,0.178278,1854,0.003452,0.003452,60,0,0,0,0.038272,0.000799
Pinera,Pinera,,2,6,11,0.140371,0.150832,1238,0.000623,0.000623,60,0,0,0,0.014794,0.000887
Leblanc,Leblanc,,1,1,9,0.198784,0.216812,0,0.03687,0.03687,7,0,0,0,0.095944,0.000404
Smok,Smok,,1,1,1,1,1,0,0,0,93,73,0,0,0.002887,0.000885
Ubeda,Ubeda,,1,1,1,1,1,0,0,0,93,73,0,0,0.002887,0.000885
Jofre,Jofre,,1,1,10,0.174047,0.18781,0,0.012564,0.012564,66,0,0,0,0.039517,0.000429
Soria,Soria,,1,1,1,1,1,0,0,0,94,74,0,0,0.002887,0.000885
Macchiavello,Macchiavello,,1,1,1,1,1,0,0,0,94,74,0,0,0.002887,0.000885
Bartolucci,Bartolucci,,1,1,1,1,1,0,0,0,95,75,0,0,0.002887,0.000885
Johnston,Johnston,,1,1,1,1,1,0,0,0,95,75,0,0,0.002887,0.000885
Hamuy,Hamuy,,1,1,1,1,1,0,0,0,96,76,0,0,0.002887,0.000885
Berr,Berr,,1,1,1,1,1,0,0,0,96,76,0,0,0.002887,0.000885
Karelovic,Karelovic,,1,1,1,1,1,0,0,0,97,77,0,0,0.002887,0.000885
Vrandecic,Vrandecic,,1,1,1,1,1,0,0,0,97,77,0,0,0.002887,0.000885
Leyton,Leyton,,1,1,10,0.170277,0.182985,0,0.015285,0.015285,50,0,0,0,0.029212,0.000471
de-la-Cruz,de-la-Cruz,,1,1,11,0.143683,0.153434,0,0.001571,0.001571,3,0,0,0,0.016453,0.000478
Rosales,Rosales,,1,1,10,0.172165,0.187376,0,0.004554,0.004554,20,0,0,0,0.040295,0.000423
Kort,Kort,,1,1,1,1,1,0,0,0,98,78,0,0,0.002887,0.000885
Garriga,Garriga,,1,1,1,1,1,0,0,0,98,78,0,0,0.002887,0.000885
Trisotti,Trisotti,,1,1,11,0.162353,0.178095,0,0.004891,0.004891,22,0,0,0,0.047046,0.000425
Vallejo,Vallejo,,1,1,1,1,1,0,0,0,99,79,0,0,0.002887,0.000885
Dowling,Dowling,,1,1,1,1,1,0,0,0,99,79,0,0,0.002887,0.000885
Carvajal,Carvajal,,3,5,12,0.132128,0.142357,3084,0.000346,0.000346,35,3,0,0,0.018245,0.001294
Ambiado,Ambiado,,1,1,13,0.116729,0.123113,0,0.00006,0.00006,35,0,0,0,0.007402,0.000499
Morano,Morano,,1,1,10,0.1725,0.186399,0,0.016201,0.016201,51,0,0,0,0.034637,0.000438
Hernando,Hernando,,1,1,10,0.193277,0.212404,0,0.032743,0.032743,54,0,0,0,0.106994,0.00042
Provoste,Provoste,,1,4,1,1,1,0,0,0,100,80,0,0,0.002887,0.000885
Campillay,Campillay,,1,4,1,1,1,0,0,0,100,80,0,0,0.002887,0.000885
Gahona,Gahona,,1,1,1,1,1,0,0,0,101,81,0,0,0.002887,0.000885
Salazar,Salazar,,1,1,1,1,1,0,0,0,101,81,0,0,0.002887,0.000885
Urizar,Urizar,,1,1,9,0.205154,0.225499,0,0.057412,0.057412,20,0,0,0,0.131005,0.000406
Farcas,Farcas,,1,1,1,1,1,0,0,0,102,82,0,0,0.002887,0.000885
Guendelman,Guendelman,,1,1,1,1,1,0,0,0,102,82,0,0,0.002887,0.000885
Cariola,Cariola,,2,2,12,0.143385,0.154864,620,0.001503,0.001503,42,0,0,0,0.015233,0.00093
Jackson,Jackson,,1,1,1,1,1,0,0,0,103,83,0,0,0.002887,0.000885
Drago,Drago,,1,1,1,1,1,0,0,0,103,83,0,0,0.002887,0.000885
Sommerhoff,Sommerhoff,,1,3,2,0.666667,0.75,0,0,0,16,14,0,0,0.004276,0.000682
Pilowsky,Pilowsky,,1,1,1,1,1,0,0,0,104,84,0,0,0.002887,0.000885
Greene,Greene,,1,1,1,1,1,0,0,0,104,84,0,0,0.002887,0.000885
Bellolio,Bellolio,,1,1,1,1,1,0,0,0,105,85,0,0,0.002887,0.000885
Avaria,Avaria,,1,1,1,1,1,0,0,0,105,85,0,0,0.002887,0.000885
Espejo,Espejo,,1,2,1,1,1,0,0,0,106,86,0,0,0.002887,0.000885
Yaksic,Yaksic,,1,2,1,1,1,0,0,0,106,86,0,0,0.002887,0.000885
Chavez,Chavez,,1,1,11,0.15467,0.164975,0,0.002703,0.002703,66,0,0,0,0.015081,0.000451
Poblete,Poblete,,3,3,1,1,1,3,0,0,227,10,0,0,0.01076,0.001698
Zapata,Zapata,,1,1,2,0.6,0.666667,0,0,0,227,87,0,0,0.005788,0.000614
Paulsen,Paulsen,,1,1,1,1,1,0,0,0,107,88,0,0,0.002887,0.000885
Kehr,Kehr,,1,1,1,1,1,0,0,0,107,88,0,0,0.002887,0.000885
Berger,Berger,,2,2,1,1,1,1,0,0,108,22,0,0,0.006458,0.001292
Fett,Fett,,1,1,2,0.666667,0.75,0,0,0,108,89,0,0,0.004276,0.000682
Fuenzalida,Fuenzalida,,4,4,10,0.19872,0.223314,3356.985606,0.024248,0.024248,47,0,0,0,0.131166,0.001421
De-Mussy,De-Mussy,,1,1,1,1,1,0,0,0,109,90,0,0,0.002887,0.000885
Hiriart,Hiriart,,1,1,1,1,1,0,0,0,109,90,0,0,0.002887,0.000885
Boric,Boric,,1,1,1,1,1,0,0,0,110,91,0,0,0.002887,0.000885
Font,Font,,1,1,1,1,1,0,0,0,110,91,0,0,0.002887,0.000885
Alarcon,Alarcon,,1,1,10,0.178243,0.197336,0,0.020273,0.020273,42,0,0,0,0.084377,0.00042
Amar,Amar,,1,1,1,1,1,0,0,0,111,92,0,0,0.002887,0.000885
Mancilla,Mancilla,,1,1,1,1,1,0,0,0,111,92,0,0,0.002887,0.000885
Barrera,Barrera,,1,1,13,0.117681,0.125023,0,0.000075,0.000075,39,0,0,0,0.010216,0.000503
Moreno,Moreno,,5,6,12,0.133348,0.145915,3089,0.000428,0.000428,39,10,0,0,0.027094,0.002179
Bianchi,Bianchi,,2,2,1,1,1,1,0,0,112,23,0,0,0.006458,0.001292
Retamales,Retamales,,1,1,2,0.666667,0.75,0,0,0,112,93,0,0,0.004276,0.000682
Calisto,Calisto,,1,1,1,1,1,0,0,0,113,94,0,0,0.002887,0.000885
Aguila,Aguila,,1,1,1,1,1,0,0,0,113,94,0,0,0.002887,0.000885
Carter,Carter,,1,1,10,0.167883,0.182981,0,0.010673,0.010673,45,0,0,0,0.046845,0.000449
Celis,Celis,,2,2,11,0.143817,0.15491,1238,0.001622,0.001622,3,0,0,0,0.021505,0.000895
Montt,Montt,,2,2,12,0.12581,0.133794,620,0.000292,0.000292,3,0,0,0,0.010665,0.00098
Cid,Cid,,3,3,1,1,1,3,0,0,114,12,0,0,0.01076,0.001698
Versalovic,Versalovic,,1,1,2,0.6,0.666667,0,0,0,114,95,0,0,0.005788,0.000614
Cruz-Coke,Cruz-Coke,,1,1,1,1,1,0,0,0,115,96,0,0,0.002887,0.000885
Carvallo,Carvallo,,1,1,1,1,1,0,0,0,115,96,0,0,0.002887,0.000885
Del-Real,Del-Real,,1,1,1,1,1,0,0,0,116,97,0,0,0.002887,0.000885
Mihovilovic,Mihovilovic,,1,1,1,1,1,0,0,0,116,97,0,0,0.002887,0.000885
Desbordes,Desbordes,,1,1,11,0.159149,0.17341,0,0.005586,0.005586,44,0,0,0,0.032251,0.000444
Duran,Duran,,2,2,11,0.175821,0.192448,938.593046,0.008836,0.008836,22,0,0,0,0.046778,0.000722
Oporto,Oporto,,1,1,11,0.167747,0.180848,0,0.003133,0.003133,14,0,0,0,0.025748,0.000411
Cobo,Cobo,,2,2,11,0.16591,0.180014,620,0.004372,0.004372,47,0,0,0,0.029498,0.000857
Galleguillos,Galleguillos,,1,1,10,0.175971,0.191468,0,0.014066,0.014066,44,0,0,0,0.044657,0.00042
Garin,Garin,,1,1,9,0.204883,0.226546,0,0.082103,0.082103,50,0,0,0,0.161545,0.000393
Hertz,Hertz,,1,1,1,1,1,0,0,0,117,98,0,0,0.002887,0.000885
Cadiz,Cadiz,,1,1,1,1,1,0,0,0,117,98,0,0,0.002887,0.000885
Hirsch,Hirsch,,1,1,1,1,1,0,0,0,118,99,0,0,0.002887,0.000885
Goldschmidt,Goldschmidt,,1,1,1,1,1,0,0,0,118,99,0,0,0.002887,0.000885
Cotroneo,Cotroneo,,1,1,11,0.158136,0.169933,0,0.006661,0.006661,50,0,0,0,0.019741,0.000467
Jiles,Jiles,,1,1,13,0.117681,0.125023,0,0.000075,0.000075,39,0,0,0,0.010216,0.000503
Rundshagen,Rundshagen,,1,1,2,0.666667,0.75,0,0,0,119,58,0,0,0.004276,0.000682
Keitel,Keitel,,1,1,2,0.666667,0.75,0,0,0,112,93,0,0,0.004276,0.000682
Leuquen,Leuquen,,1,1,11,0.160714,0.17201,0,0.004306,0.004306,57,0,0,0,0.019386,0.000464
Luck,Luck,,1,1,1,1,1,0,0,0,120,100,0,0,0.002887,0.000885
Urban,Urban,,1,1,1,1,1,0,0,0,120,100,0,0,0.002887,0.000885
Marzan,Marzan,,1,1,2,0.6,0.666667,0,0,0,157,101,0,0,0.005788,0.000614
Pinto,Pinto,,3,4,1,1,1,3,0,0,157,13,0,0,0.01076,0.001698
Mellado,Mellado,,2,2,11,0.144318,0.154344,620,0.001272,0.001272,86,0,0,0,0.012558,0.000925
Suazo,Suazo,,1,1,12,0.126143,0.1327,0,0.000222,0.000222,86,0,0,0,0.005259,0.000526
Mix,Mix,,1,1,11,0.159149,0.17341,0,0.005586,0.005586,44,0,0,0,0.032251,0.000444
Magofke,Magofke,,1,1,11,0.16707,0.183412,0,0.008072,0.008072,42,0,0,0,0.047748,0.000424
Noman,Noman,,1,1,14,0.105344,0.110907,0,0.000013,0.000013,39,0,0,0,0.005868,0.000543
Garrido,Garrido,,2,2,13,0.117725,0.126096,620,0.000077,0.000077,39,0,0,0,0.013705,0.000965
Nuyado,Nuyado,,1,1,1,1,1,0,0,0,121,102,0,0,0.002887,0.000885
Ancapichun,Ancapichun,,1,1,1,1,1,0,0,0,121,102,0,0,0.002887,0.000885
Olivera,Olivera,,1,1,11,0.137389,0.145326,0,0.000844,0.000844,50,0,0,0,0.006838,0.000482
Ossandon,Ossandon,,1,1,12,0.142235,0.151505,0,0.000637,0.000637,86,0,0,0,0.009136,0.000479
Irarrazabal,Irarrazabal,,2,2,11,0.165777,0.181105,620,0.003644,0.003644,86,0,0,0,0.035634,0.000816
Pardo,Pardo,,1,1,1,1,1,0,0,0,122,103,0,0,0.002887,0.000885
Sainz,Sainz,,1,1,1,1,1,0,0,0,122,103,0,0,0.002887,0.000885
Parra,Parra,,2,4,13,0.134357,0.144594,620,0.000403,0.000403,30,0,0,0,0.012326,0.000883
Sauterel,Sauterel,,1,1,14,0.118466,0.125243,0,0.000071,0.000071,30,0,0,0,0.005389,0.000508
Olea,Olea,,1,1,10,0.193277,0.212404,0,0.032743,0.032743,54,0,0,0,0.106994,0.00042
Salinas,Salinas,,5,10,10,0.207346,0.233978,5348.208369,0.043583,0.043583,30,0,0,0,0.1713,0.001735
Diez,Diez,,1,1,10,0.183511,0.200722,0,0.021105,0.021105,7,0,0,0,0.072796,0.000414
Renteria,Renteria,,1,1,2,0.666667,0.75,0,0,0,123,104,0,0,0.004276,0.000682
Moller,Moller,,2,2,1,1,1,1,0,0,123,26,0,0,0.006458,0.001292
Rey,Rey,,1,1,11,0.162353,0.178095,0,0.004891,0.004891,22,0,0,0,0.047046,0.000425
Valderrama,Valderrama,,1,1,10,0.178243,0.197336,0,0.020273,0.020273,42,0,0,0,0.084377,0.00042
Romero,Romero,,2,2,3,0.555556,0.666667,4,0,0,62,12,0,0,0.009865,0.001049
Rosas,Rosas,,1,1,13,0.11575,0.122295,0,0.000088,0.000088,44,0,0,0,0.007961,0.000519
Saavedra,Saavedra,,4,5,10,0.180997,0.205823,2141.590584,0.026833,0.026833,42,0,0,0,0.122233,0.001479
Chandia,Chandia,,1,1,11,0.153295,0.166859,0,0.00469,0.00469,42,0,0,0,0.024317,0.000447
Duenas,Duenas,,1,1,11,0.157175,0.170313,0,0.002185,0.002185,14,0,0,0,0.022626,0.000422
Santibanez,Santibanez,,1,1,12,0.136484,0.145634,0,0.000628,0.000628,61,0,0,0,0.008105,0.000495
Rocafull,Rocafull,,1,1,2,0.571429,0.625,0,0,0,49,36,0,0,0.007428,0.00058
Brito,Brito,,1,1,2,0.666667,0.75,0,0,0,1,2,0,0,0.004276,0.000682
Cicardini,Cicardini,,1,1,1,1,1,0,0,0,124,105,0,0,0.002887,0.000885
Milla,Milla,,1,1,1,1,1,0,0,0,124,105,0,0,0.002887,0.000885
Crispi,Crispi,,1,1,11,0.158945,0.171865,0,0.003411,0.003411,47,0,0,0,0.024954,0.000439
Serrano,Serrano,,7,11,10,0.188926,0.213632,7452.981746,0.019513,0.019513,47,0,0,0,0.109245,0.002518
Torrealba,Torrealba,,1,1,11,0.155873,0.168222,0,0.004375,0.004375,7,0,0,0,0.02421,0.000466
Troncoso,Troncoso,,3,5,10,0.17617,0.193615,1239,0.014981,0.014981,44,0,0,0,0.053616,0.001245
Hellman,Hellman,,1,1,11,0.149819,0.159906,0,0.002619,0.002619,44,0,0,0,0.012502,0.000486
Undurraga,Undurraga,,3,3,12,0.13462,0.146413,3084,0.000299,0.000299,21,14,0,0,0.021007,0.001272
Gazitua,Gazitua,,1,1,13,0.11867,0.125971,0,0.000052,0.000052,21,0,0,0,0.007816,0.000493
Urruticoechea,Urruticoechea,,1,1,11,0.153447,0.164256,0,0.001469,0.001469,14,0,0,0,0.016676,0.000473
Rios,Rios,,3,6,10,0.181208,0.200456,1239,0.008406,0.008406,14,0,0,0,0.078137,0.0012
Verdessi,Verdessi,,1,1,1,1,1,0,0,0,125,106,0,0,0.002887,0.000885
Belemmi,Belemmi,,1,1,1,1,1,0,0,0,125,106,0,0,0.002887,0.000885
Winter,Winter,,1,1,2,0.666667,0.75,0,0,0,214,107,0,0,0.004276,0.000682
Etcheberry,Etcheberry,,2,3,1,1,1,1,0,0,214,27,0,0,0.006458,0.001292
Yeomans,Yeomans,,1,1,11,0.143683,0.153434,0,0.001571,0.001571,3,0,0,0,0.016453,0.000478
Gatica,Gatica,,1,1,9,0.204883,0.226546,0,0.082103,0.082103,50,0,0,0,0.161545,0.000393
Ilabaca,Ilabaca,,1,1,11,0.151316,0.162359,0,0.003613,0.003613,55,0,0,0,0.021068,0.000452
Labra,Labra,,3,5,9,0.211729,0.235648,6774.934401,0.022529,0.022529,14,0,0,0,0.143293,0.000945
Mirosevic,Mirosevic,,1,1,11,0.157895,0.168914,0,0.006235,0.006235,50,0,0,0,0.016029,0.000469
Orsini,Orsini,,1,1,12,0.125938,0.132993,0,0.000359,0.000359,45,0,0,0,0.006077,0.000536
Rathgeb,Rathgeb,,1,1,1,1,1,0,0,0,126,108,0,0,0.002887,0.000885
Schifferli,Schifferli,,1,1,1,1,1,0,0,0,126,108,0,0,0.002887,0.000885
Saldivar,Saldivar,,1,1,1,1,1,0,0,0,127,109,0,0,0.002887,0.000885
Auger,Auger,,1,1,1,1,1,0,0,0,127,109,0,0,0.002887,0.000885
Schalper,Schalper,,1,1,10,0.180733,0.196015,0,0.011504,0.011504,50,0,0,0,0.049531,0.000404
Bernales,Bernales,,1,1,2,0.666667,0.75,0,0,0,128,110,0,0,0.004276,0.000682
Maldonado,Maldonado,,2,2,1,1,1,1,0,0,128,28,0,0,0.006458,0.001292
Cuevas,Cuevas,,3,4,10,0.179221,0.196984,1124.76138,0.011034,0.011034,54,0,0,0,0.060357,0.001097
Quezada,Quezada,,2,2,10,0.174096,0.189885,96.107143,0.007504,0.007504,86,0,0,0,0.043514,0.000703
Castelblanco,Castelblanco,,1,1,2,0.666667,0.75,0,0,0,129,111,0,0,0.004276,0.000682
Agüero,Agüero,,2,2,1,1,1,1,0,0,129,29,0,0,0.006458,0.001292
Aguirre,Aguirre,,4,4,11,0.154286,0.167447,1857,0.002957,0.002957,47,11,0,0,0.02497,0.001771
Doolan,Doolan,,1,1,12,0.133692,0.14153,0,0.000517,0.000517,47,0,0,0,0.008775,0.000509
Stonner,Stonner,,1,3,11,0.157654,0.169694,0,0.007978,0.007978,51,0,0,0,0.022233,0.000434
Wachholtz,Wachholtz,,1,2,11,0.143683,0.153434,0,0.001571,0.001571,3,0,0,0,0.016453,0.000478
Bossay,Bossay,,1,2,14,0.104651,0.110418,0,0.000012,0.000012,35,0,0,0,0.008259,0.000522
Valdivia,Valdivia,,1,4,11,0.153447,0.164256,0,0.001469,0.001469,14,0,0,0,0.016676,0.000473
Pico,Pico,,1,2,1,1,1,0,0,0,130,112,0,0,0.002887,0.000885
Canas,Canas,,1,2,1,1,1,0,0,0,130,112,0,0,0.002887,0.000885
Labarca,Labarca,,2,2,10,0.173804,0.190219,377.849817,0.008099,0.008099,61,0,0,0,0.047869,0.000685
Juliet,Juliet,,1,1,10,0.162523,0.174042,0,0.004578,0.004578,14,0,0,0,0.019947,0.000425
Gomez,Gomez,,5,11,9,0.194002,0.215348,3995.074098,0.026193,0.026193,14,0,0,0,0.094684,0.001721
Claro,Claro,,2,2,10,0.167476,0.183328,404.892674,0.007931,0.007931,50,0,0,0,0.038298,0.000696
Garmendia,Garmendia,,1,1,11,0.16707,0.183412,0,0.008072,0.008072,42,0,0,0,0.047748,0.000424
Osses,Osses,,1,1,10,0.184602,0.19973,0,0.015598,0.015598,57,0,0,0,0.05185,0.000399
Holger,Holger,,1,2,10,0.180733,0.19612,0,0.019961,0.019961,50,0,0,0,0.047013,0.000423
Puga,Puga,,1,5,1,1,1,0,0,0,131,113,0,0,0.002887,0.000885
Fisher,Fisher,,1,5,1,1,1,0,0,0,131,113,0,0,0.002887,0.000885
Donoso,Donoso,,5,8,9,0.215925,0.242776,9991.086219,0.05676,0.05676,57,0,0,0,0.187952,0.001595
Pradenas,Pradenas,,1,1,9,0.205154,0.225499,0,0.057412,0.057412,20,0,0,0,0.131005,0.000406
Icaza,Icaza,,1,2,11,0.13556,0.144362,0,0.00046,0.00046,66,0,0,0,0.011707,0.00046
Opaso,Opaso,,1,1,2,0.666667,0.75,0,0,0,132,114,0,0,0.004276,0.000682
Cousino,Cousino,,2,2,1,1,1,1,0,0,132,30,0,0,0.006458,0.001292
Steeger,Steeger,,1,1,1,1,1,0,0,0,133,115,0,0,0.002887,0.000885
Schaffer,Schaffer,,1,1,1,1,1,0,0,0,133,115,0,0,0.002887,0.000885
Cortes,Cortes,,3,3,10,0.180576,0.199607,5522,0.011848,0.011848,39,0,0,0,0.068117,0.001156
Brucher,Brucher,,1,1,10,0.17023,0.184595,0,0.006038,0.006038,7,0,0,0,0.032748,0.000422
Vicuna,Vicuna,,2,3,11,0.155134,0.169459,3690,0.001603,0.001603,21,0,0,0,0.030506,0.000787
Baltra,Baltra,,2,2,11,0.153447,0.16665,3690,0.002146,0.002146,39,0,0,0,0.025197,0.000831
de-la-Fuente,de-la-Fuente,,3,6,10,0.178654,0.197975,2780.8837,0.007717,0.007717,30,0,0,0,0.056998,0.001087
Ruiz,Ruiz,,4,5,13,0.118806,0.129192,1857,0.000058,0.000058,21,12,0,0,0.020115,0.001816
Burgeois,Burgeois,,1,1,14,0.106208,0.112559,0,0.00001,0.00001,21,0,0,0,0.008309,0.000519
Mallet,Mallet,,1,1,1,1,1,0,0,0,134,116,0,0,0.002887,0.000885
Simonetti,Simonetti,,1,1,1,1,1,0,0,0,134,116,0,0,0.002887,0.000885
Maschke,Maschke,,1,1,1,1,1,0,0,0,135,117,0,0,0.002887,0.000885
Tornero,Tornero,,1,1,1,1,1,0,0,0,135,117,0,0,0.002887,0.000885
Vial,Vial,,4,5,10,0.193398,0.216527,2749.702453,0.014899,0.014899,61,0,0,0,0.107613,0.001412
Espantoso,Espantoso,,1,1,11,0.162099,0.174623,0,0.002604,0.002604,61,0,0,0,0.022119,0.000433
Rossetti,Rossetti,,1,2,1,1,1,0,0,0,136,118,0,0,0.002887,0.000885
Colombino,Colombino,,1,2,1,1,1,0,0,0,136,118,0,0,0.002887,0.000885
Merino,Merino,,4,8,11,0.1725,0.193314,2179.66569,0.008754,0.008754,30,0,0,0,0.063309,0.001424
Segura,Segura,,1,3,12,0.147156,0.158968,0,0.00153,0.00153,30,0,0,0,0.015077,0.000435
Ignacio,Ignacio,,1,1,1,1,1,0,0,0,137,119,0,0,0.002887,0.000885
Riesco,Riesco,,1,1,1,1,1,0,0,0,137,119,0,0,0.002887,0.000885
Varas,Varas,,3,6,9,0.178859,0.195034,1461.961905,0.007113,0.007113,61,0,0,0,0.051835,0.001062
Geisse,Geisse,,2,4,10,0.182058,0.199565,2468,0.015368,0.015368,47,0,0,0,0.057683,0.0008
Oldini,Oldini,,1,2,10,0.17098,0.185107,0,0.009701,0.009701,55,0,0,0,0.043007,0.000434
Monreal,Monreal,,1,1,12,0.128999,0.13676,0,0.000204,0.000204,22,0,0,0,0.006472,0.000503
Yrarrazaval,Yrarrazaval,,1,1,11,0.165644,0.177572,0,0.006242,0.006242,60,0,0,0,0.023833,0.000441
Lecaros,Lecaros,,3,3,10,0.198466,0.220482,2360.502281,0.035713,0.035713,60,0,0,0,0.128157,0.001088
Alfonso,Alfonso,,3,5,10,0.188296,0.206766,2565.816595,0.01402,0.01402,61,0,0,0,0.07058,0.001018
Barrios,Barrios,,5,8,10,0.171689,0.190706,2871.616811,0.006537,0.006537,61,0,0,0,0.058422,0.001854
Larrain,Larrain,,11,15,9,0.225245,0.262593,15750.709668,0.149508,0.149508,51,0,0,0,0.393728,0.003393
Bordeu,Bordeu,,1,1,2,0.666667,0.75,0,0,0,123,104,0,0,0.004276,0.000682
Corbalan,Corbalan,,1,1,2,0.666667,0.75,0,0,0,129,111,0,0,0.004276,0.000682
Melfi,Melfi,,1,1,11,0.151316,0.162359,0,0.003613,0.003613,55,0,0,0,0.021068,0.000452
Grove,Grove,,1,1,2,0.6,0.666667,0,0,0,138,120,0,0,0.005788,0.000614
Vallejos,Vallejos,,3,3,1,1,1,3,0,0,138,16,0,0,0.01076,0.001698
Gormaz,Gormaz,,1,1,12,0.142333,0.150985,0,0.000764,0.000764,47,0,0,0,0.007811,0.000497
Infante,Infante,,5,9,10,0.199358,0.22621,5325.3329,0.034878,0.034878,61,0,0,0,0.138932,0.001647
Tejada,Tejada,,1,1,10,0.183891,0.2016,0,0.026133,0.026133,51,0,0,0,0.06945,0.000395
Garnham,Garnham,,2,2,10,0.16355,0.178959,129.871429,0.003675,0.003675,86,0,0,0,0.034584,0.000725
Leighton,Leighton,,1,2,10,0.172165,0.187376,0,0.004554,0.004554,20,0,0,0,0.040295,0.000423
Dominguez,Dominguez,,2,2,11,0.161424,0.175472,388.916667,0.002265,0.002265,14,0,0,0,0.030629,0.000739
Cruz,Cruz,,5,6,11,0.159353,0.177149,2895.848268,0.002565,0.002565,14,0,0,0,0.045634,0.001916
Ocampo,Ocampo,,1,1,12,0.137481,0.147565,0,0.000448,0.000448,14,0,0,0,0.013294,0.000459
Parada,Parada,,1,1,2,0.666667,0.75,0,0,0,108,89,0,0,0.004276,0.000682
Olguin,Olguin,,1,1,1,1,1,0,0,0,139,121,0,0,0.002887,0.000885
de-Baltra,de-Baltra,,1,1,1,1,1,0,0,0,139,121,0,0,0.002887,0.000885
Benitez,Benitez,,3,3,9,0.189966,0.208651,1139.400286,0.0209,0.0209,61,0,0,0,0.074523,0.000986
Restat,Restat,,1,1,11,0.160465,0.172988,0,0.006886,0.006886,86,0,0,0,0.022121,0.000427
Rio,Rio,,2,6,3,0.571429,0.708333,3,0,0,172,32,0,0,0.008274,0.001088
Gundian,Gundian,,1,5,4,0.4,0.520833,0,0,0,172,122,0,0,0.004687,0.000596
Serani,Serani,,1,1,11,0.153789,0.164166,0,0.00225,0.00225,57,0,0,0,0.01517,0.000451
Atala,Atala,,1,1,9,0.204883,0.226546,0,0.082103,0.082103,50,0,0,0,0.161545,0.000393
Acevedo,Acevedo,,4,6,9,0.211224,0.236486,1288.997619,0.110414,0.110414,50,0,0.166667,1,0.225005,0.001327
Trillot,Trillot,,1,1,10,0.174438,0.187772,0,0.019299,0.019299,50,0,0,0,0.037026,0.000415
Conuepan,Conuepan,,1,1,1,1,1,0,0,0,140,123,0,0,0.002887,0.000885
Huenchual,Huenchual,,1,1,1,1,1,0,0,0,140,123,0,0,0.002887,0.000885
Jamarne,Jamarne,,1,5,2,0.666667,0.75,0,0,0,15,13,0,0,0.004276,0.000682
Torreblanca,Torreblanca,,2,4,1,1,1,1,0,0,153,33,0,0,0.006458,0.001292
White,White,,1,1,2,0.666667,0.75,0,0,0,153,124,0,0,0.004276,0.000682
Fenner,Fenner,,1,3,10,0.160052,0.174427,0,0.00508,0.00508,7,0,0,0,0.028181,0.000442
Wilson,Wilson,,1,7,11,0.149315,0.160035,0,0.001959,0.001959,22,0,0,0,0.015119,0.000451
Siwady,Siwady,,1,3,2,0.666667,0.75,0,0,0,27,22,0,0,0.004276,0.000682
Millas,Millas,,2,5,9,0.190842,0.210386,1403.116955,0.012471,0.012471,14,0,0,0,0.087961,0.000689
Lane,Lane,,1,1,10,0.190842,0.208486,0,0.023052,0.023052,57,0,0,0,0.083243,0.000402
Pedregal,Pedregal,,1,4,10,0.190842,0.208486,0,0.023052,0.023052,57,0,0,0,0.083243,0.000402
Monti,Monti,,1,2,1,1,1,0,0,0,141,125,0,0,0.002887,0.000885
Forno,Forno,,1,2,1,1,1,0,0,0,141,125,0,0,0.002887,0.000885
Koch,Koch,,1,5,1,1,1,0,0,0,142,126,0,0,0.002887,0.000885
Krefft,Krefft,,1,5,1,1,1,0,0,0,142,126,0,0,0.002887,0.000885
Almeyda,Almeyda,,1,5,3,0.5,0.566667,0,0,0,48,35,0,0,0.007797,0.000559
Martones,Martones,,2,3,9,0.183782,0.199853,266.4,0.022719,0.022719,50,0,0,0,0.058387,0.000695
Urzua,Urzua,,3,8,12,0.155095,0.170339,1420.513309,0.002237,0.002237,30,0,0,0,0.028547,0.001123
Olavarria,Olavarria,,1,2,11,0.140181,0.14941,0,0.000622,0.000622,60,0,0,0,0.011153,0.000487
Bravo,Bravo,,3,4,10,0.162992,0.178734,1239,0.003561,0.003561,60,0,0,0,0.041233,0.001251
Coutts,Coutts,,1,1,1,1,1,0,0,0,143,127,0,0,0.002887,0.000885
Billiviller,Billiviller,,1,1,1,1,1,0,0,0,143,127,0,0,0.002887,0.000885
Orrego,Orrego,,3,7,10,0.186431,0.207765,986.70671,0.046268,0.046268,51,0,0,0,0.116315,0.001062
Herreros,Herreros,,1,1,10,0.172404,0.186911,0,0.018721,0.018721,51,0,0,0,0.041233,0.000431
Schmidt,Schmidt,,3,6,11,0.164591,0.18151,735.064394,0.010106,0.010106,51,0,0,0,0.045469,0.001115
de-Closets,de-Closets,,1,1,9,0.205154,0.225499,0,0.057412,0.057412,20,0,0,0,0.131005,0.000406
Lira,Lira,,3,4,10,0.188182,0.204841,1302.772619,0.016745,0.016745,57,0,0,0,0.063327,0.001107
Montane,Montane,,1,1,1,1,1,0,0,0,144,128,0,0,0.002887,0.000885
Vives,Vives,,1,1,1,1,1,0,0,0,144,128,0,0,0.002887,0.000885
Araos,Araos,,1,1,11,0.171784,0.185626,0,0.007618,0.007618,30,0,0,0,0.032092,0.000428
Mackenna,Mackenna,,3,5,9,0.197394,0.219101,1627.431222,0.035764,0.035764,54,0,0,0,0.126592,0.001111
Aldunate,Aldunate,,1,2,11,0.159231,0.171884,0,0.005506,0.005506,7,0,0,0,0.02765,0.000432
Vasallo,Vasallo,,1,2,10,0.178243,0.197336,0,0.020273,0.020273,42,0,0,0,0.084377,0.00042
Palacios,Palacios,,3,7,10,0.191077,0.210633,1239,0.024552,0.024552,57,0,0,0,0.093636,0.001211
Foncea,Foncea,,1,1,2,0.666667,0.75,0,0,0,32,26,0,0,0.004276,0.000682
Lanchares,Lanchares,,1,1,1,1,1,0,0,0,145,129,0,0,0.002887,0.000885
Bueno,Bueno,,1,1,1,1,1,0,0,0,145,129,0,0,0.002887,0.000885
Hepp,Hepp,,1,1,1,1,1,0,0,0,146,130,0,0,0.002887,0.000885
Dubiau,Dubiau,,1,1,1,1,1,0,0,0,146,130,0,0,0.002887,0.000885
Rengifo,Rengifo,,1,2,11,0.166265,0.180453,0,0.006096,0.006096,61,0,0,0,0.027729,0.000413
Sievers,Sievers,,1,2,1,1,1,0,0,0,147,131,0,0,0.002887,0.000885
Wicke,Wicke,,1,2,1,1,1,0,0,0,147,131,0,0,0.002887,0.000885
Fanjul,Fanjul,,1,1,10,0.172404,0.186911,0,0.018721,0.018721,51,0,0,0,0.041233,0.000431
Casas,Casas,,1,1,10,0.17098,0.185107,0,0.009701,0.009701,55,0,0,0,0.043007,0.000434
Guerra,Guerra,,1,1,10,0.181367,0.198943,0,0.014621,0.014621,42,0,0,0,0.072459,0.000419
Zuniga,Zuniga,,2,5,10,0.170558,0.184676,620,0.017515,0.017515,50,0,0,0,0.037091,0.000858
Hudtwalcker,Hudtwalcker,,1,1,11,0.146566,0.157153,0,0.001143,0.001143,61,0,0,0,0.015084,0.000448
Olsen,Olsen,,1,2,1,1,1,0,0,0,148,132,0,0,0.002887,0.000885
Nielsen,Nielsen,,1,2,1,1,1,0,0,0,148,132,0,0,0.002887,0.000885
Prat,Prat,,1,1,1,1,1,0,0,0,149,133,0,0,0.002887,0.000885
Echaurren,Echaurren,,1,1,1,1,1,0,0,0,149,133,0,0,0.002887,0.000885
Recabarren,Recabarren,,2,3,9,0.203874,0.224906,93.62013,0.057971,0.057971,7,0,0,0,0.142071,0.00069
Lizana,Lizana,,2,2,10,0.193398,0.213477,620,0.033774,0.033774,54,0,0,0,0.112343,0.000834
Fontecilla,Fontecilla,,1,3,10,0.15176,0.160989,0,0.001243,0.001243,61,0,0,0,0.012568,0.000434
Videla,Videla,,1,3,10,0.184602,0.19973,0,0.015598,0.015598,57,0,0,0,0.05185,0.000399
Ferreira,Ferreira,,1,1,10,0.167883,0.182981,0,0.010673,0.010673,45,0,0,0,0.046845,0.000449
Altamirano,Altamirano,,1,1,2,0.6,0.666667,0,0,0,157,101,0,0,0.005788,0.000614
Aravena,Aravena,,1,3,10,0.181685,0.196032,0,0.014225,0.014225,20,0,0,0,0.041174,0.000422
Aragon,Aragon,,1,1,2,0.666667,0.75,0,0,0,132,114,0,0,0.004276,0.000682
Yanez,Yanez,,1,2,2,0.666667,0.75,0,0,0,77,55,0,0,0.004276,0.000682
Sainte-Marie,Sainte-Marie,,1,2,1,1,1,0,0,0,150,134,0,0,0.002887,0.000885
Soruco,Soruco,,1,2,1,1,1,0,0,0,150,134,0,0,0.002887,0.000885
Schwerter,Schwerter,,1,1,1,1,1,0,0,0,151,135,0,0,0.002887,0.000885
Gallardo,Gallardo,,1,1,1,1,1,0,0,0,151,135,0,0,0.002887,0.000885
Barbosa,Barbosa,,2,2,11,0.144117,0.155173,1238,0.001989,0.001989,45,0,0,0,0.017064,0.000907
Baeza,Baeza,,2,4,10,0.168156,0.184671,1854,0.011021,0.011021,45,0,0,0,0.052901,0.000834
Lampe,Lampe,,1,1,11,0.143683,0.153434,0,0.001571,0.001571,3,0,0,0,0.016453,0.000478
Pinochet,Pinochet,,1,2,11,0.159149,0.17341,0,0.005586,0.005586,44,0,0,0,0.032251,0.000444
Cartes,Cartes,,1,2,11,0.144251,0.153459,0,0.001272,0.001272,86,0,0,0,0.010377,0.000485
Lazo,Lazo,,2,2,9,0.194549,0.212861,620,0.035989,0.035989,55,0,0,0,0.091619,0.000816
Guevara,Guevara,,1,1,10,0.162907,0.173262,0,0.006291,0.006291,55,0,0,0,0.016876,0.00048
Arce,Arce,,1,3,10,0.167883,0.182981,0,0.010673,0.010673,45,0,0,0,0.046845,0.000449
Borquez,Borquez,,1,1,1,1,1,0,0,0,152,136,0,0,0.002887,0.000885
Jopia,Jopia,,1,1,1,1,1,0,0,0,152,136,0,0,0.002887,0.000885
O'Ryan,O'Ryan,,1,3,11,0.157175,0.169094,0,0.008087,0.008087,51,0,0,0,0.021667,0.000434
Droguett,Droguett,,1,3,2,0.666667,0.75,0,0,0,153,124,0,0,0.004276,0.000682
Marie,Marie,,1,2,1,1,1,0,0,0,154,137,0,0,0.002887,0.000885
Sorucco,Sorucco,,1,2,1,1,1,0,0,0,154,137,0,0,0.002887,0.000885
Pertuiset,Pertuiset,,1,1,11,0.158418,0.167846,0,0.002927,0.002927,57,0,0,0,0.01373,0.000446
Ugarte,Ugarte,,1,1,12,0.135117,0.144204,0,0.000843,0.000843,7,0,0,0,0.011406,0.000498
Santander,Santander,,1,1,10,0.167883,0.182981,0,0.010673,0.010673,45,0,0,0,0.046845,0.000449
Ortuzar,Ortuzar,,2,7,10,0.170839,0.18527,620,0.009361,0.009361,55,0,0,0,0.038488,0.000839
Gomien,Gomien,,1,4,10,0.179636,0.195662,0,0.011099,0.011099,39,0,0,0,0.054223,0.000421
Saelzer,Saelzer,,1,1,1,1,1,0,0,0,155,138,0,0,0.002887,0.000885
Balde,Balde,,1,1,1,1,1,0,0,0,155,138,0,0,0.002887,0.000885
Philippi,Philippi,,1,7,1,1,1,0,0,0,156,139,0,0,0.002887,0.000885
Izquierdo,Izquierdo,,1,7,1,1,1,0,0,0,156,139,0,0,0.002887,0.000885
Cereceda,Cereceda,,3,3,12,0.13556,0.148115,1157.24881,0.000259,0.000259,60,0,0,0,0.022091,0.001192
Zanartu,Zanartu,,1,1,10,0.193277,0.212404,0,0.032743,0.032743,54,0,0,0,0.106994,0.00042
Casanueva,Casanueva,,1,1,10,0.183511,0.200722,0,0.021105,0.021105,7,0,0,0,0.072796,0.000414
Bahamonde,Bahamonde,,1,2,14,0.106208,0.112559,0,0.00001,0.00001,21,0,0,0,0.008309,0.000519
Moore,Moore,,1,1,11,0.157855,0.171092,0,0.004921,0.004921,51,0,0,0,0.025392,0.000432
de-Viale-Rigo,de-Viale-Rigo,,1,2,11,0.158945,0.171865,0,0.003411,0.003411,47,0,0,0,0.024954,0.000439
Chana,Chana,,1,1,13,0.125429,0.132881,0,0.000263,0.000263,42,0,0,0,0.005597,0.000528
Lagarrigue,Lagarrigue,,1,2,2,0.6,0.666667,0,0,0,157,101,0,0,0.005788,0.000614
Alemparte,Alemparte,,1,1,11,0.154209,0.167555,0,0.002913,0.002913,61,0,0,0,0.024884,0.000424
Quiroz,Quiroz,,1,1,2,0.6,0.666667,0,0,0,114,95,0,0,0.005788,0.000614
Barboza,Barboza,,1,1,13,0.111952,0.117462,0,0.000063,0.000063,45,0,0,0,0.004813,0.000553
Popolizio,Popolizio,,2,2,12,0.12604,0.134159,620,0.000359,0.000359,45,0,0,0,0.009365,0.000988
Pereira,Pereira,,3,3,10,0.191608,0.213051,2165.584055,0.031004,0.031004,61,0,0,0,0.095348,0.000973
Garreton,Garreton,,1,1,10,0.181367,0.198943,0,0.014621,0.014621,42,0,0,0,0.072459,0.000419
Shiell,Shiell,,1,1,10,0.164896,0.176662,0,0.006251,0.006251,54,0,0,0,0.023578,0.000448
Rossini,Rossini,,1,1,11,0.160465,0.171366,0,0.004292,0.004292,57,0,0,0,0.018279,0.000476
Schweitzer,Schweitzer,,2,3,1,1,1,1,0,0,158,34,0,0,0.006458,0.001292
Speisky,Speisky,,1,2,2,0.666667,0.75,0,0,0,158,140,0,0,0.004276,0.000682
Trivelli,Trivelli,,1,2,1,1,1,0,0,0,159,141,0,0,0.002887,0.000885
Franzolini,Franzolini,,1,2,1,1,1,0,0,0,159,141,0,0,0.002887,0.000885
Collados,Collados,,1,4,10,0.174047,0.18781,0,0.012564,0.012564,66,0,0,0,0.039517,0.000429
Simian,Simian,,1,1,1,1,1,0,0,0,160,142,0,0,0.002887,0.000885
Gallet,Gallet,,1,1,1,1,1,0,0,0,160,142,0,0,0.002887,0.000885
Zujovic,Zujovic,,1,2,10,0.193277,0.212404,0,0.032743,0.032743,54,0,0,0,0.106994,0.00042
Ossa,Ossa,,1,3,1,1,1,0,0,0,161,143,0,0,0.002887,0.000885
Pretot,Pretot,,1,3,1,1,1,0,0,0,161,143,0,0,0.002887,0.000885
Zaldivar,Zaldivar,,2,5,10,0.184876,0.204606,706.395743,0.027899,0.027899,51,0,0,0,0.080829,0.000711
de-Dios-Carmona,de-Dios-Carmona,,1,2,1,1,1,0,0,0,162,144,0,0,0.002887,0.000885
Peralta,Peralta,,1,2,1,1,1,0,0,0,162,144,0,0,0.002887,0.000885
Thayer,Thayer,,1,3,2,0.666667,0.75,0,0,0,163,56,0,0,0.004276,0.000682
Hamilton,Hamilton,,1,2,1,1,1,0,0,0,164,145,0,0,0.002887,0.000885
Depassier,Depassier,,1,2,1,1,1,0,0,0,164,145,0,0,0.002887,0.000885
Matus,Matus,,2,2,10,0.167929,0.182402,1238,0.006559,0.006559,55,0,0,0,0.034185,0.000821
Maertens,Maertens,,1,1,9,0.204883,0.226546,0,0.082103,0.082103,50,0,0,0,0.161545,0.000393
Tupper,Tupper,,1,1,12,0.133692,0.14153,0,0.000517,0.000517,47,0,0,0,0.008775,0.000509
Celedon,Celedon,,1,1,10,0.181367,0.198943,0,0.014621,0.014621,42,0,0,0,0.072459,0.000419
Subercaseaux,Subercaseaux,,1,1,10,0.162821,0.176587,0,0.003343,0.003343,60,0,0,0,0.032514,0.000422
Delaunay,Delaunay,,1,1,12,0.143253,0.153575,0,0.001455,0.001455,42,0,0,0,0.011494,0.00049
Villarreal,Villarreal,,1,1,11,0.159231,0.171884,0,0.005506,0.005506,7,0,0,0,0.02765,0.000432
Vuskovic,Vuskovic,,1,1,11,0.140181,0.14941,0,0.000622,0.000622,60,0,0,0,0.011153,0.000487
Fourcade,Fourcade,,1,3,11,0.15467,0.166936,0,0.001551,0.001551,21,0,0,0,0.02269,0.000426
Zorrilla,Zorrilla,,1,1,10,0.178243,0.197336,0,0.020273,0.020273,42,0,0,0,0.084377,0.00042
Canto,Canto,,1,2,2,0.666667,0.75,0,0,0,83,63,0,0,0.004276,0.000682
Bastidas,Bastidas,,1,2,10,0.172404,0.186911,0,0.018721,0.018721,51,0,0,0,0.041233,0.000431
Cantuarias,Cantuarias,,1,2,14,0.105955,0.111179,0,0.000009,0.000009,21,0,0,0,0.004813,0.000548
Jungk,Jungk,,1,1,1,1,1,0,0,0,165,146,0,0,0.002887,0.000885
Stahl,Stahl,,1,1,1,1,1,0,0,0,165,146,0,0,0.002887,0.000885
Cameron,Cameron,,1,1,11,0.160465,0.171366,0,0.004292,0.004292,57,0,0,0,0.018279,0.000476
Mac,Mac,,2,3,1,1,1,1,0,0,166,35,0,0,0.006458,0.001292
Niven,Niven,,1,2,2,0.666667,0.75,0,0,0,166,147,0,0,0.004276,0.000682
David,David,,1,1,1,1,1,0,0,0,167,148,0,0,0.002887,0.000885
Lebon,Lebon,,1,1,1,1,1,0,0,0,167,148,0,0,0.002887,0.000885
Barraza,Barraza,,1,1,10,0.162523,0.174042,0,0.004578,0.004578,14,0,0,0,0.019947,0.000425
Oyarce,Oyarce,,1,1,11,0.163163,0.176242,0,0.006835,0.006835,54,0,0,0,0.029874,0.000454
Galindo,Galindo,,1,1,10,0.180733,0.196015,0,0.011504,0.011504,50,0,0,0,0.049531,0.000404
Martner,Martner,,1,1,10,0.17098,0.185107,0,0.009701,0.009701,55,0,0,0,0.043007,0.000434
Cademartori,Cademartori,,1,1,1,1,1,0,0,0,168,149,0,0,0.002887,0.000885
Invernizzi,Invernizzi,,1,1,1,1,1,0,0,0,168,149,0,0,0.002887,0.000885
Enriquez,Enriquez,,1,1,1,1,1,0,0,0,169,150,0,0,0.002887,0.000885
Frodden,Frodden,,1,1,1,1,1,0,0,0,169,150,0,0,0.002887,0.000885
Tobar,Tobar,,1,1,2,0.666667,0.75,0,0,0,170,69,0,0,0.004276,0.000682
Arellano,Arellano,,3,4,10,0.160217,0.176575,1239,0.00541,0.00541,7,0,0,0,0.036403,0.001288
Macleod,Macleod,,1,2,11,0.138123,0.147911,0,0.000946,0.000946,7,0,0,0,0.009787,0.000498
Prats,Prats,,1,2,9,0.204883,0.226546,0,0.082103,0.082103,50,0,0,0,0.161545,0.000393
Briones,Briones,,1,2,1,1,1,0,0,0,171,151,0,0,0.002887,0.000885
Olivos,Olivos,,1,2,1,1,1,0,0,0,171,151,0,0,0.002887,0.000885
del,del,,2,3,2,0.666667,0.75,4,0,0,172,32,0,0,0.009375,0.001058
Solar,Solar,,2,3,3,0.571429,0.708333,3,0,0,172,32,0,0,0.008274,0.001088
Bitar,Bitar,,1,3,1,1,1,0,0,0,173,152,0,0,0.002887,0.000885
Chacra,Chacra,,1,3,1,1,1,0,0,0,173,152,0,0,0.002887,0.000885
Ceballos,Ceballos,,1,2,10,0.183511,0.200722,0,0.021105,0.021105,7,0,0,0,0.072796,0.000414
Magliochetti,Magliochetti,,1,1,2,0.666667,0.75,0,0,0,46,34,0,0,0.004276,0.000682
Danyau,Danyau,,1,1,14,0.106208,0.112559,0,0.00001,0.00001,21,0,0,0,0.008309,0.000519
Jiron,Jiron,,1,1,10,0.170511,0.185434,0,0.00486,0.00486,44,0,0,0,0.036841,0.000419
Mazuela,Mazuela,,1,1,10,0.181632,0.197284,0,0.014851,0.014851,47,0,0,0,0.048909,0.000424
Matte,Matte,,3,3,10,0.181632,0.200859,2413.353147,0.010751,0.010751,60,0,0,0,0.067254,0.001033
Crespo,Crespo,,1,1,11,0.157855,0.171092,0,0.004921,0.004921,51,0,0,0,0.025392,0.000432
Barba,Barba,,1,1,10,0.162821,0.176587,0,0.003343,0.003343,60,0,0,0,0.032514,0.000422
Gotuzzo,Gotuzzo,,1,1,1,1,1,0,0,0,174,153,0,0,0.002887,0.000885
Borlando,Borlando,,1,1,1,1,1,0,0,0,174,153,0,0,0.002887,0.000885
Bradanovic,Bradanovic,,1,1,10,0.154979,0.164976,0,0.003956,0.003956,14,0,0,0,0.013483,0.000476
Gandara,Gandara,,1,1,10,0.172788,0.186228,0,0.003716,0.003716,86,0,0,0,0.031068,0.0004
Yovane,Yovane,,1,1,11,0.14574,0.154372,0,0.003061,0.003061,50,0,0,0,0.008562,0.000498
Spoerer,Spoerer,,1,1,11,0.139865,0.149239,0,0.000465,0.000465,14,0,0,0,0.009814,0.00045
Covarrubias,Covarrubias,,3,3,10,0.162565,0.178362,859.654545,0.002662,0.002662,14,0,0,0,0.035039,0.001119
Ewing,Ewing,,1,1,1,1,1,0,0,0,175,154,0,0,0.002887,0.000885
Hodar,Hodar,,1,1,1,1,1,0,0,0,175,154,0,0,0.002887,0.000885
Jaraquemada,Jaraquemada,,1,2,12,0.142989,0.15183,0,0.001325,0.001325,44,0,0,0,0.007656,0.000495
Vivero,Vivero,,1,1,10,0.160548,0.171786,0,0.004632,0.004632,61,0,0,0,0.018315,0.000427
Leniz,Leniz,,1,1,11,0.151316,0.162359,0,0.003613,0.003613,55,0,0,0,0.021068,0.000452
Musante,Musante,,1,1,4,0.384615,0.483333,0,0,0,62,42,0,0,0.005055,0.000579
Toro,Toro,,2,2,11,0.157414,0.169022,620,0.004999,0.004999,50,0,0,0,0.017765,0.000868
Davila,Davila,,1,1,12,0.136035,0.143432,0,0.000874,0.000874,50,0,0,0,0.005986,0.000502
Daroch,Daroch,,1,2,11,0.149819,0.159906,0,0.002619,0.002619,44,0,0,0,0.012502,0.000486
Reginato,Reginato,,1,1,2,0.6,0.666667,0,0,0,138,120,0,0,0.005788,0.000614
de-Castro,de-Castro,,1,2,1,1,1,0,0,0,176,155,0,0,0.002887,0.000885
Spikula,Spikula,,1,2,1,1,1,0,0,0,176,155,0,0,0.002887,0.000885
Cauas,Cauas,,1,1,1,1,1,0,0,0,177,156,0,0,0.002887,0.000885
Lama,Lama,,1,1,1,1,1,0,0,0,177,156,0,0,0.002887,0.000885
Damilano,Damilano,,1,1,1,1,1,0,0,0,178,157,0,0,0.002887,0.000885
Bonfante,Bonfante,,1,1,1,1,1,0,0,0,178,157,0,0,0.002887,0.000885
Bejares,Bejares,,1,1,9,0.204883,0.226546,0,0.082103,0.082103,50,0,0,0,0.161545,0.000393
Miquel,Miquel,,1,1,10,0.170511,0.185434,0,0.00486,0.00486,44,0,0,0,0.036841,0.000419
Granifo,Granifo,,1,1,1,1,1,0,0,0,179,158,0,0,0.002887,0.000885
Harms,Harms,,1,1,1,1,1,0,0,0,179,158,0,0,0.002887,0.000885
Baraona,Baraona,,2,4,11,0.164373,0.178097,841.522833,0.003643,0.003643,30,0,0,0,0.028053,0.000735
Niemann,Niemann,,1,1,10,0.174047,0.18781,0,0.012564,0.012564,66,0,0,0,0.039517,0.000429
Blanquier,Blanquier,,1,1,9,0.198784,0.216812,0,0.03687,0.03687,7,0,0,0,0.095944,0.000404
Prado,Prado,,2,4,11,0.151834,0.163088,3690,0.001851,0.001851,35,0,0,0,0.016904,0.000819
Aubel,Aubel,,1,1,2,0.666667,0.75,0,0,0,71,49,0,0,0.004276,0.000682
Costa,Costa,,1,1,10,0.183511,0.200722,0,0.021105,0.021105,7,0,0,0,0.072796,0.000414
Kelly,Kelly,,1,1,13,0.117636,0.123394,0,0.000046,0.000046,14,0,0,0,0.004855,0.000541
Puelma,Puelma,,2,3,11,0.159312,0.172957,620,0.005679,0.005679,7,0,0,0,0.031431,0.000854
Basauri,Basauri,,1,2,11,0.169951,0.186035,0,0.006633,0.006633,30,0,0,0,0.038789,0.000414
Atienza,Atienza,,1,1,10,0.167883,0.182981,0,0.010673,0.010673,45,0,0,0,0.046845,0.000449
Escauriaza,Escauriaza,,1,1,11,0.155873,0.168222,0,0.004375,0.004375,7,0,0,0,0.02421,0.000466
Luis,Luis,,1,1,11,0.15139,0.162909,0,0.003655,0.003655,42,0,0,0,0.017247,0.000487
Federici,Federici,,2,2,10,0.178346,0.19841,620,0.020912,0.020912,42,0,0,0,0.089331,0.000834
Marquez,Marquez,,2,3,1,1,1,1,0,0,187,36,0,0,0.006458,0.001292
de-la-Plata,de-la-Plata,,1,1,2,0.666667,0.75,0,0,0,187,159,0,0,0.004276,0.000682
Peri,Peri,,1,3,1,1,1,0,0,0,180,160,0,0,0.002887,0.000885
Fagerstrom,Fagerstrom,,1,3,1,1,1,0,0,0,180,160,0,0,0.002887,0.000885
Quinones,Quinones,,1,1,2,0.571429,0.625,0,0,0,49,36,0,0,0.007428,0.00058
Sallato,Sallato,,1,1,2,0.666667,0.75,0,0,0,9,8,0,0,0.004276,0.000682
Lois,Lois,,1,1,3,0.5,0.566667,0,0,0,48,35,0,0,0.007797,0.000559
Badiola,Badiola,,1,1,1,1,1,0,0,0,181,161,0,0,0.002887,0.000885
Broberg,Broberg,,1,1,1,1,1,0,0,0,181,161,0,0,0.002887,0.000885
Echenique,Echenique,,2,3,12,0.123165,0.130974,620,0.000112,0.000112,60,0,0,0,0.009063,0.000975
Bafalluy,Bafalluy,,2,2,9,0.196519,0.217728,2172.660317,0.018337,0.018337,42,0,0,0,0.103527,0.000687
Johnson,Johnson,,1,1,12,0.137481,0.147565,0,0.000448,0.000448,14,0,0,0,0.013294,0.000459
de-la-Cuadra,de-la-Cuadra,,1,1,1,1,1,0,0,0,182,162,0,0,0.002887,0.000885
Fabres,Fabres,,1,1,1,1,1,0,0,0,182,162,0,0,0.002887,0.000885
Leigh,Leigh,,1,1,11,0.152467,0.162693,0,0.002066,0.002066,39,0,0,0,0.014015,0.000486
Hormazabal,Hormazabal,,1,1,10,0.193277,0.212404,0,0.032743,0.032743,54,0,0,0,0.106994,0.00042
Ramos,Ramos,,2,2,9,0.205289,0.226573,620,0.059221,0.059221,20,0,0,0,0.136568,0.000812
Covian,Covian,,1,1,12,0.131624,0.138059,0,0.000339,0.000339,57,0,0,0,0.005247,0.000525
Lüders,Lüders,,1,2,1,1,1,0,0,0,183,163,0,0,0.002887,0.000885
Schwarzenberg,Schwarzenberg,,1,2,1,1,1,0,0,0,183,163,0,0,0.002887,0.000885
Martin,Martin,,2,2,3,0.555556,0.666667,4,0,0,62,12,0,0,0.009865,0.001049
Madariaga,Madariaga,,1,2,10,0.168338,0.182025,0,0.006833,0.006833,86,0,0,0,0.030542,0.000419
Marx,Marx,,1,1,11,0.157855,0.171092,0,0.004921,0.004921,51,0,0,0,0.025392,0.000432
Valle,Valle,,2,4,2,0.75,0.833333,2,0,0,64,13,0,0,0.007915,0.001149
Alliende,Alliende,,1,2,3,0.5,0.611111,0,0,0,64,44,0,0,0.004627,0.000621
Walters,Walters,,1,1,2,0.666667,0.75,0,0,0,158,140,0,0,0.004276,0.000682
Rivera,Rivera,,2,2,12,0.129699,0.13824,620,0.000452,0.000452,66,0,0,0,0.012386,0.00096
Guillard,Guillard,,1,1,1,1,1,0,0,0,184,164,0,0,0.002887,0.000885
Marinot,Marinot,,1,1,1,1,1,0,0,0,184,164,0,0,0.002887,0.000885
Büchi,Büchi,,1,2,1,1,1,0,0,0,185,165,0,0,0.002887,0.000885
Buc,Buc,,1,2,1,1,1,0,0,0,185,165,0,0,0.002887,0.000885
Passicot,Passicot,,1,1,1,1,1,0,0,0,186,166,0,0,0.002887,0.000885
Callier,Callier,,1,1,1,1,1,0,0,0,186,166,0,0,0.002887,0.000885
Caceres,Caceres,,1,2,10,0.165777,0.178777,0,0.004445,0.004445,61,0,0,0,0.032139,0.000405
de-la-Plata-Yrarrazaval,de-la-Plata-Yrarrazaval,,1,2,2,0.666667,0.75,0,0,0,187,159,0,0,0.004276,0.000682
Simon,Simon,,1,1,10,0.181632,0.197284,0,0.014851,0.014851,47,0,0,0,0.048909,0.000424
Aranguiz,Aranguiz,,2,2,10,0.178346,0.193728,4298,0.010245,0.010245,35,0,0,0,0.040579,0.000752
Sinclair,Sinclair,,1,1,1,1,1,0,0,0,188,167,0,0,0.002887,0.000885
Oyaneder,Oyaneder,,1,1,1,1,1,0,0,0,188,167,0,0,0.002887,0.000885
Chinchon,Chinchon,,1,1,1,1,1,0,0,0,189,168,0,0,0.002887,0.000885
Bunting,Bunting,,1,1,1,1,1,0,0,0,189,168,0,0,0.002887,0.000885
Magliasi,Magliasi,,1,1,10,0.183511,0.200722,0,0.021105,0.021105,7,0,0,0,0.072796,0.000414
Delano,Delano,,1,1,11,0.145946,0.154614,0,0.001636,0.001636,55,0,0,0,0.009366,0.000489
Gaete,Gaete,,1,1,10,0.178243,0.197336,0,0.020273,0.020273,42,0,0,0,0.084377,0.00042
Cuadra,Cuadra,,1,1,11,0.162099,0.173292,0,0.005903,0.005903,54,0,0,0,0.02047,0.000487
Bastias,Bastias,,1,1,10,0.166043,0.177049,0,0.006864,0.006864,7,0,0,0,0.019689,0.000477
Iturrate,Iturrate,,1,1,2,0.6,0.666667,0,0,0,227,87,0,0,0.005788,0.000614
Poduje,Poduje,,1,2,1,1,1,0,0,0,190,169,0,0,0.002887,0.000885
Sapiain,Sapiain,,1,2,1,1,1,0,0,0,190,169,0,0,0.002887,0.000885
de-la,de-la,,1,1,1,1,1,0,0,0,191,170,0,0,0.002887,0.000885
Sotta,Sotta,,1,1,1,1,1,0,0,0,191,170,0,0,0.002887,0.000885
Melnick,Melnick,,1,1,1,1,1,0,0,0,192,171,0,0,0.002887,0.000885
Israel,Israel,,1,1,1,1,1,0,0,0,192,171,0,0,0.002887,0.000885
Molinari,Molinari,,1,1,10,0.172165,0.187376,0,0.004554,0.004554,20,0,0,0,0.040295,0.000423
Siebert,Siebert,,1,1,1,1,1,0,0,0,193,172,0,0,0.002887,0.000885
Held,Held,,1,1,1,1,1,0,0,0,193,172,0,0,0.002887,0.000885
Arthur,Arthur,,1,1,11,0.154362,0.165636,0,0.0018,0.0018,14,0,0,0,0.020814,0.000422
Arroyo,Arroyo,,1,1,10,0.183891,0.2016,0,0.026133,0.026133,51,0,0,0,0.06945,0.000395
Larrondo,Larrondo,,1,1,11,0.163163,0.176242,0,0.006835,0.006835,54,0,0,0,0.029874,0.000454
Salame,Salame,,1,1,4,0.384615,0.483333,0,0,0,62,42,0,0,0.005055,0.000579
Costabal,Costabal,,1,1,1,1,1,0,0,0,194,173,0,0,0.002887,0.000885
Llona,Llona,,1,1,1,1,1,0,0,0,194,173,0,0,0.002887,0.000885
Rosende,Rosende,,1,1,1,1,1,0,0,0,195,174,0,0,0.002887,0.000885
Subiabre,Subiabre,,1,1,1,1,1,0,0,0,195,174,0,0,0.002887,0.000885
Bain,Bain,,1,1,2,0.571429,0.625,0,0,0,49,36,0,0,0.007428,0.00058
Abad,Abad,,1,1,2,0.6,0.666667,0,0,0,114,95,0,0,0.005788,0.000614
Giaconi,Giaconi,,1,1,1,1,1,0,0,0,196,175,0,0,0.002887,0.000885
Gandolfo,Gandolfo,,1,1,1,1,1,0,0,0,196,175,0,0,0.002887,0.000885
Ballerino,Ballerino,,1,1,1,1,1,0,0,0,197,176,0,0,0.002887,0.000885
Sandford,Sandford,,1,1,1,1,1,0,0,0,197,176,0,0,0.002887,0.000885
Echiburu,Echiburu,,1,1,10,0.181367,0.198943,0,0.014621,0.014621,42,0,0,0,0.072459,0.000419
Ominami,Ominami,,1,1,2,0.666667,0.75,0,0,0,198,177,0,0,0.004276,0.000682
Pascual,Pascual,,2,2,1,1,1,1,0,0,198,37,0,0,0.006458,0.001292
de-la-Jara,de-la-Jara,,1,2,11,0.159149,0.17341,0,0.005586,0.005586,44,0,0,0,0.032251,0.000444
Marshall,Marshall,,1,1,13,0.11483,0.12049,0,0.000079,0.000079,66,0,0,0,0.005527,0.000541
Yavar,Yavar,,1,1,10,0.181632,0.197284,0,0.014851,0.014851,47,0,0,0,0.048909,0.000424
Constenla,Constenla,,1,1,11,0.155873,0.168222,0,0.004375,0.004375,7,0,0,0,0.02421,0.000466
Schiefelbein,Schiefelbein,,1,1,11,0.165821,0.17894,0,0.004238,0.004238,47,0,0,0,0.025815,0.000435
Foxley,Foxley,,1,2,1,1,1,0,0,0,199,178,0,0,0.002887,0.000885
Rioseco,Rioseco,,1,2,1,1,1,0,0,0,199,178,0,0,0.002887,0.000885
Cumplido,Cumplido,,1,1,13,0.1194,0.127155,0,0.000045,0.000045,60,0,0,0,0.008001,0.000471
Cimma,Cimma,,1,1,10,0.181367,0.198943,0,0.014621,0.014621,42,0,0,0,0.072459,0.000419
Momberg,Momberg,,1,1,13,0.111771,0.117139,0,0.000051,0.000051,3,0,0,0,0.005052,0.000549
Boeninger,Boeninger,,1,1,1,1,1,0,0,0,200,179,0,0,0.002887,0.000885
Kausel,Kausel,,1,1,1,1,1,0,0,0,200,179,0,0,0.002887,0.000885
Cortazar,Cortazar,,1,2,1,1,1,0,0,0,201,180,0,0,0.002887,0.000885
Sanz,Sanz,,1,2,1,1,1,0,0,0,201,180,0,0,0.002887,0.000885
Etchegaray,Etchegaray,,1,1,1,1,1,0,0,0,202,181,0,0,0.002887,0.000885
Aubry,Aubry,,1,1,1,1,1,0,0,0,202,181,0,0,0.002887,0.000885
Maira,Maira,,1,1,12,0.133692,0.14153,0,0.000517,0.000517,47,0,0,0,0.008775,0.000509
Massad,Massad,,1,1,1,1,1,0,0,0,203,182,0,0,0.002887,0.000885
Abud,Abud,,1,1,1,1,1,0,0,0,203,182,0,0,0.002887,0.000885
Irureta,Irureta,,1,1,10,0.17037,0.182134,0,0.010351,0.010351,20,0,0,0,0.02303,0.000478
Teplizky,Teplizky,,1,1,1,1,1,0,0,0,204,183,0,0,0.002887,0.000885
Lijavetzky,Lijavetzky,,1,1,1,1,1,0,0,0,204,183,0,0,0.002887,0.000885
Hofer,Hofer,,1,1,11,0.166711,0.180086,0,0.00735,0.00735,44,0,0,0,0.025225,0.000432
Joaquin,Joaquin,,1,1,1,1,1,0,0,0,205,184,0,0,0.002887,0.000885
Brunner,Brunner,,1,1,1,1,1,0,0,0,205,184,0,0,0.002887,0.000885
Villarzu,Villarzu,,1,1,1,1,1,0,0,0,206,185,0,0,0.002887,0.000885
Rohde,Rohde,,1,1,1,1,1,0,0,0,206,185,0,0,0.002887,0.000885
Arrate,Arrate,,1,2,1,1,1,0,0,0,207,186,0,0,0.002887,0.000885
MacNiven,MacNiven,,1,2,1,1,1,0,0,0,207,186,0,0,0.002887,0.000885
Mladinic,Mladinic,,1,2,2,0.666667,0.75,0,0,0,208,187,0,0,0.004276,0.000682
Alonso,Alonso,,2,3,1,1,1,1,0,0,208,38,0,0,0.006458,0.001292
Delpiano,Delpiano,,1,2,12,0.13745,0.145848,0,0.000993,0.000993,7,0,0,0,0.008344,0.000496
Heine,Heine,,1,1,13,0.120935,0.128089,0,0.000081,0.000081,14,0,0,0,0.006295,0.000513
Lorenzen,Lorenzen,,2,3,12,0.137542,0.148639,620,0.000463,0.000463,14,0,0,0,0.016831,0.000895
Aninat,Aninat,,1,1,1,1,1,0,0,0,209,188,0,0,0.002887,0.000885
Ureta,Ureta,,1,1,1,1,1,0,0,0,209,188,0,0,0.002887,0.000885
Insulza,Insulza,,1,3,11,0.171784,0.185626,0,0.007618,0.007618,30,0,0,0,0.032092,0.000428
Sartori,Sartori,,1,1,11,0.138123,0.147911,0,0.000946,0.000946,7,0,0,0,0.009787,0.000498
Ocon,Ocon,,1,1,12,0.128705,0.137392,0,0.000213,0.000213,22,0,0,0,0.009625,0.000467
Lavalle,Lavalle,,1,1,14,0.104651,0.110418,0,0.000012,0.000012,35,0,0,0,0.008259,0.000522
Marfan,Marfan,,1,1,1,1,1,0,0,0,210,189,0,0,0.002887,0.000885
Lewis,Lewis,,1,1,1,1,1,0,0,0,210,189,0,0,0.002887,0.000885
Moraga,Moraga,,1,1,11,0.159149,0.17341,0,0.005586,0.005586,44,0,0,0,0.032251,0.000444
Soublette,Soublette,,1,1,10,0.162821,0.176587,0,0.003343,0.003343,60,0,0,0,0.032514,0.000422
Hohmann,Hohmann,,1,1,13,0.11575,0.122295,0,0.000088,0.000088,44,0,0,0,0.007961,0.000519
Henriquez,Henriquez,,1,1,10,0.179636,0.195662,0,0.011099,0.011099,39,0,0,0,0.054223,0.000421
Gregorio,Gregorio,,1,2,1,1,1,0,0,0,211,190,0,0,0.002887,0.000885
Rebeco,Rebeco,,1,2,1,1,1,0,0,0,211,190,0,0,0.002887,0.000885
Grossi,Grossi,,1,3,9,0.194427,0.211788,0,0.034889,0.034889,55,0,0,0,0.086789,0.000408
Bachelet,Bachelet,,1,2,1,1,1,0,0,0,212,191,0,0,0.002887,0.000885
Jeria,Jeria,,1,2,1,1,1,0,0,0,212,191,0,0,0.002887,0.000885
Artaza,Artaza,,1,1,1,1,1,0,0,0,213,192,0,0,0.002887,0.000885
barrios,barrios,,1,1,1,1,1,0,0,0,213,192,0,0,0.002887,0.000885
Ravinet,Ravinet,,1,4,11,0.151611,0.162721,0,0.001349,0.001349,30,0,0,0,0.013213,0.000441
Celhay,Celhay,,1,2,2,0.666667,0.75,0,0,0,214,107,0,0,0.004276,0.000682
Solari,Solari,,1,1,11,0.153295,0.166859,0,0.00469,0.00469,42,0,0,0,0.024317,0.000447
Tschorne,Tschorne,,1,2,1,1,1,0,0,0,215,193,0,0,0.002887,0.000885
Berestesky,Berestesky,,1,2,1,1,1,0,0,0,215,193,0,0,0.002887,0.000885
Antonijevic,Antonijevic,,1,1,1,1,1,0,0,0,216,194,0,0,0.002887,0.000885
Hahn,Hahn,,1,1,1,1,1,0,0,0,216,194,0,0,0.002887,0.000885
Hornkohl,Hornkohl,,1,2,11,0.134386,0.14174,0,0.000715,0.000715,14,0,0,0,0.007119,0.00051
Zilic,Zilic,,1,1,1,1,1,0,0,0,217,195,0,0,0.002887,0.000885
Hrepic,Hrepic,,1,1,1,1,1,0,0,0,217,195,0,0,0.002887,0.000885
Eyzaguirre,Eyzaguirre,,1,4,10,0.172165,0.187376,0,0.004554,0.004554,20,0,0,0,0.040295,0.000423
Bates,Bates,,1,1,10,0.177581,0.192838,0,0.0211,0.0211,7,0,0,0,0.046127,0.000418
Dulanto,Dulanto,,1,1,1,1,1,0,0,0,218,196,0,0,0.002887,0.000885
Rencoret,Rencoret,,1,1,1,1,1,0,0,0,218,196,0,0,0.002887,0.000885
Puccio,Puccio,,1,1,1,1,1,0,0,0,219,197,0,0,0.002887,0.000885
Huidobro,Huidobro,,1,1,1,1,1,0,0,0,219,197,0,0,0.002887,0.000885
Dockendorff,Dockendorff,,1,1,2,0.6,0.666667,0,0,0,138,120,0,0,0.005788,0.000614
Ljubetic,Ljubetic,,1,1,12,0.136634,0.144652,0,0.001201,0.001201,50,0,0,0,0.006893,0.000519
Weber,Weber,,1,1,10,0.167747,0.180926,0,0.006352,0.006352,55,0,0,0,0.029018,0.000425
Hardy,Hardy,,1,1,1,1,1,0,0,0,220,198,0,0,0.002887,0.000885
Raskovan,Raskovan,,1,1,1,1,1,0,0,0,220,198,0,0,0.002887,0.000885
Ferreiro,Ferreiro,,1,1,1,1,1,0,0,0,221,199,0,0,0.002887,0.000885
Yazigi,Yazigi,,1,1,1,1,1,0,0,0,221,199,0,0,0.002887,0.000885
Poniachik,Poniachik,,1,1,1,1,1,0,0,0,222,200,0,0,0.002887,0.000885
Pollak,Pollak,,1,1,1,1,1,0,0,0,222,200,0,0,0.002887,0.000885
Bitran,Bitran,,1,1,1,1,1,0,0,0,223,201,0,0,0.002887,0.000885
Colodro,Colodro,,1,1,1,1,1,0,0,0,223,201,0,0,0.002887,0.000885
Aspillaga,Aspillaga,,1,1,10,0.17098,0.185107,0,0.009701,0.009701,55,0,0,0,0.043007,0.000434
Barria,Barria,,1,1,1,1,1,0,0,0,224,202,0,0,0.002887,0.000885
Iroume,Iroume,,1,1,1,1,1,0,0,0,224,202,0,0,0.002887,0.000885
Crnosija,Crnosija,,1,1,12,0.141361,0.151333,0,0.001766,0.001766,51,0,0,0,0.011379,0.000449
Weinstein,Weinstein,,1,1,1,1,1,0,0,0,225,203,0,0,0.002887,0.000885
Levy,Levy,,1,1,1,1,1,0,0,0,225,203,0,0,0.002887,0.000885
Melendez,Melendez,,1,1,12,0.134649,0.143865,0,0.000451,0.000451,57,0,0,0,0.012938,0.000461
Lavados,Lavados,,1,1,13,0.115578,0.122478,0,0.00003,0.00003,60,0,0,0,0.006915,0.000506
Tokman,Tokman,,1,1,10,0.17037,0.182134,0,0.010351,0.010351,20,0,0,0,0.02303,0.000478
Branes,Branes,,1,1,11,0.158945,0.170526,0,0.003252,0.003252,44,0,0,0,0.019122,0.000417
Yoma,Yoma,,1,3,10,0.193277,0.212404,0,0.032743,0.032743,54,0,0,0,0.106994,0.00042
Curti,Curti,,1,1,2,0.666667,0.75,0,0,0,128,110,0,0,0.004276,0.000682
Amunategui,Amunategui,,1,1,10,0.167883,0.182981,0,0.010673,0.010673,45,0,0,0,0.046845,0.000449
Erazo,Erazo,,1,1,10,0.170464,0.183602,0,0.01698,0.01698,50,0,0,0,0.033342,0.000435
Armanet,Armanet,,0,0,0,0,0,0,0,0,226,206,0,0,0,0.000133
Madrid,Madrid,,1,1,11,0.158945,0.171865,0,0.003411,0.003411,47,0,0,0,0.024954,0.000439
Bennett,Bennett,,1,1,2,0.6,0.666667,0,0,0,227,87,0,0,0.005788,0.000614
Fontaine,Fontaine,,1,2,1,1,1,0,0,0,228,204,0,0,0.002887,0.000885
Talavera,Talavera,,1,2,1,1,1,0,0,0,228,204,0,0,0.002887,0.000885
Bulnes,Bulnes,,2,3,11,0.159108,0.173341,1238,0.003522,0.003522,47,0,0,0,0.030145,0.000839
Raineri,Raineri,,1,1,1,1,1,0,0,0,229,205,0,0,0.002887,0.000885
Bernain,Bernain,,1,1,1,1,1,0,0,0,229,205,0,0,0.002887,0.000885
Golborne,Golborne,,1,3,11,0.138061,0.147508,0,0.000916,0.000916,7,0,0,0,0.008278,0.000502
Echeverria,Echeverria,,1,1,11,0.162099,0.174623,0,0.002604,0.002604,61,0,0,0,0.022119,0.000433
de-Solminihac,de-Solminihac,,1,2,1,1,1,0,0,0,230,206,0,0,0.002887,0.000885
Tampier,Tampier,,1,2,1,1,1,0,0,0,230,206,0,0,0.002887,0.000885
Baer,Baer,,1,1,1,1,1,0,0,0,231,207,0,0,0.002887,0.000885
Jahn,Jahn,,1,1,1,1,1,0,0,0,231,207,0,0,0.002887,0.000885
Morande,Morande,,1,1,11,0.150109,0.161479,0,0.002162,0.002162,61,0,0,0,0.015654,0.000443
Parot,Parot,,1,1,10,0.177632,0.19142,0,0.009921,0.009921,57,0,0,0,0.034441,0.000404
Campo,Campo,,1,1,1,1,1,0,0,0,232,208,0,0,0.002887,0.000885
Fayet,Fayet,,1,1,1,1,1,0,0,0,232,208,0,0,0.002887,0.000885
Hinzpeter,Hinzpeter,,1,2,1,1,1,0,0,0,233,209,0,0,0.002887,0.000885
Kirberg,Kirberg,,1,2,1,1,1,0,0,0,233,209,0,0,0.002887,0.000885
Beyer,Beyer,,1,1,11,0.153789,0.164166,0,0.00225,0.00225,57,0,0,0,0.01517,0.000451
Mayol,Mayol,,1,1,2,0.666667,0.75,0,0,0,92,72,0,0,0.004276,0.000682
Baranda,Baranda,,1,1,1,1,1,0,0,0,234,210,0,0,0.002887,0.000885
Ferran,Ferran,,1,1,1,1,1,0,0,0,234,210,0,0,0.002887,0.000885
de-Vicente,de-Vicente,,1,1,1,1,1,0,0,0,235,211,0,0,0.002887,0.000885
Mingo,Mingo,,1,1,1,1,1,0,0,0,235,211,0,0,0.002887,0.000885
Bunster,Bunster,,1,1,1,1,1,0,0,0,236,212,0,0,0.002887,0.000885
Betteley,Betteley,,1,1,1,1,1,0,0,0,236,212,0,0,0.002887,0.000885
Goldberg,Goldberg,,1,1,10,0.193277,0.212404,0,0.032743,0.032743,54,0,0,0,0.106994,0.00042
Charme,Charme,,1,2,13,0.117681,0.125023,0,0.000075,0.000075,39,0,0,0,0.010216,0.000503
Manalich,Manalich,,1,1,1,1,1,0,0,0,237,213,0,0,0.002887,0.000885
Muxi,Muxi,,1,1,1,1,1,0,0,0,237,213,0,0,0.002887,0.000885
Larroulet,Larroulet,,1,1,1,1,1,0,0,0,238,214,0,0,0.002887,0.000885
Vignau,Vignau,,1,1,1,1,1,0,0,0,238,214,0,0,0.002887,0.000885
Jobet,Jobet,,1,1,2,0.666667,0.75,0,0,0,36,28,0,0,0.004276,0.000682
Penailillo,Penailillo,,1,1,1,1,1,0,0,0,239,215,0,0,0.002887,0.000885
Briceno,Briceno,,1,1,1,1,1,0,0,0,239,215,0,0,0.002887,0.000885
Milman,Milman,,1,1,11,0.16707,0.183412,0,0.008072,0.008072,42,0,0,0,0.047748,0.000424
Blanco,Blanco,,1,2,10,0.172404,0.186911,0,0.018721,0.018721,51,0,0,0,0.041233,0.000431
Osorio,Osorio,,1,1,12,0.135117,0.144204,0,0.000843,0.000843,7,0,0,0,0.011406,0.000498
Riffo,Riffo,,1,1,2,0.666667,0.75,0,0,0,208,187,0,0,0.004276,0.000682
de-Mesa,de-Mesa,,1,1,2,0.666667,0.75,0,0,0,33,27,0,0,0.004276,0.000682
Cespedes,Cespedes,,1,1,1,1,1,0,0,0,240,216,0,0,0.002887,0.000885
Cifuentes,Cifuentes,,1,1,1,1,1,0,0,0,240,216,0,0,0.002887,0.000885
Pulido,Pulido,,1,1,10,0.162821,0.176587,0,0.003343,0.003343,60,0,0,0,0.032514,0.000422
Badenier,Badenier,,1,1,11,0.162353,0.178095,0,0.004891,0.004891,22,0,0,0,0.047046,0.000425
Gomez-Lobo,Gomez-Lobo,,1,1,13,0.109679,0.115009,0,0.00002,0.00002,60,0,0,0,0.004779,0.000547
Furche,Furche,,1,1,1,1,1,0,0,0,241,217,0,0,0.002887,0.000885
Guajardo,Guajardo,,1,1,1,1,1,0,0,0,241,217,0,0,0.002887,0.000885
Manriquez,Manriquez,,1,1,11,0.15467,0.166936,0,0.001551,0.001551,21,0,0,0,0.02269,0.000426
Ottone,Ottone,,1,1,10,0.183511,0.200722,0,0.021105,0.021105,7,0,0,0,0.072796,0.000414
Mullor,Mullor,,1,1,10,0.178243,0.197336,0,0.020273,0.020273,42,0,0,0,0.084377,0.00042
Smitmans,Smitmans,,1,1,10,0.170277,0.182985,0,0.015285,0.015285,50,0,0,0,0.029212,0.000471
Williams,Williams,,1,1,1,1,1,0,0,0,242,218,0,0,0.002887,0.000885
Baussa,Baussa,,1,1,1,1,1,0,0,0,242,218,0,0,0.002887,0.000885
Grau,Grau,,1,1,2,0.666667,0.75,0,0,0,198,177,0,0,0.004276,0.000682
Taucher,Taucher,,1,1,10,0.175971,0.191468,0,0.014066,0.014066,44,0,0,0,0.044657,0.00042
Narvaez,Narvaez,,1,1,12,0.138678,0.147042,0,0.000829,0.000829,57,0,0,0,0.009838,0.000505
Saball,Saball,,1,1,1,1,1,0,0,0,243,219,0,0,0.002887,0.000885
Astaburuaga,Astaburuaga,,1,1,1,1,1,0,0,0,243,219,0,0,0.002887,0.000885
Kantor,Kantor,,1,1,1,1,1,0,0,0,244,220,0,0,0.002887,0.000885
Pupkin,Pupkin,,1,1,1,1,1,0,0,0,244,220,0,0,0.002887,0.000885
Valente,Valente,,1,1,1,1,1,0,0,0,245,221,0,0,0.002887,0.000885
Vias,Vias,,1,1,1,1,1,0,0,0,245,221,0,0,0.002887,0.000885
Schuster,Schuster,,1,1,11,0.159149,0.17341,0,0.005586,0.005586,44,0,0,0,0.032251,0.000444
Prokurica,Prokurica,,0,0,0,0,0,0,0,0,246,225,0,0,0,0.000133
Pla,Pla,,1,1,1,1,1,0,0,0,247,222,0,0,0.002887,0.000885
Jarufe,Jarufe,,1,1,1,1,1,0,0,0,247,222,0,0,0.002887,0.000885
Ampuero,Ampuero,,1,1,12,0.145399,0.156343,0,0.001218,0.001218,22,0,0,0,0.014687,0.000427
Santelices,Santelices,,1,1,11,0.15202,0.162129,0,0.001929,0.001929,54,0,0,0,0.013675,0.000444
Iver,Iver,,1,1,2,0.666667,0.75,0,0,0,166,147,0,0,0.004276,0.000682
Hutt,Hutt,,1,1,1,1,1,0,0,0,248,223,0,0,0.002887,0.000885
Hesse,Hesse,,1,1,1,1,1,0,0,0,248,223,0,0,0.002887,0.000885
Couve,Couve,,1,1,10,0.180997,0.198309,0,0.007892,0.007892,14,0,0,0,0.068014,0.000396
Jaque,Jaque,,1,1,11,0.149315,0.160035,0,0.001959,0.001959,22,0,0,0,0.015119,0.000451
Tirado,Tirado,,1,1,11,0.146566,0.157153,0,0.001143,0.001143,61,0,0,0,0.015084,0.000448
Franco,Franco,,1,1,10,0.177581,0.192838,0,0.0211,0.0211,7,0,0,0,0.046127,0.000418
Stiglich,Stiglich,,1,1,11,0.143683,0.153434,0,0.001571,0.001571,3,0,0,0,0.016453,0.000478
Marambio,Marambio,,1,1,1,1,1,0,0,0,249,224,0,0,0.002887,0.000885
Marchant,Marchant,,1,1,1,1,1,0,0,0,249,224,0,0,0.002887,0.000885
Del,Del,,1,1,4,0.4,0.520833,0,0,0,172,122,0,0,0.004687,0.000596
Bradanovich,Bradanovich,,1,1,10,0.154979,0.164976,0,0.003956,0.003956,14,0,0,0,0.013483,0.000476
Brady,Brady,,1,1,1,1,1,0,0,0,250,225,0,0,0.002887,0.000885
Roche,Roche,,1,1,1,1,1,0,0,0,250,225,0,0,0.002887,0.000885
Forestier,Forestier,,1,1,1,1,1,0,0,0,251,226,0,0,0.002887,0.000885
Hansen,Hansen,,1,1,1,1,1,0,0,0,251,226,0,0,0.002887,0.000885
Blanlot,Blanlot,,1,1,1,1,1,0,0,0,252,227,0,0,0.002887,0.000885
Soza,Soza,,1,1,1,1,1,0,0,0,252,227,0,0,0.002887,0.000885
Goni,Goni,,1,1,10,0.181685,0.196032,0,0.014225,0.014225,20,0,0,0,0.041174,0.000422
